gene_id,loading_comp1_rss,loading_comp2_rss,loading_max,top_time_feature
Nfu_g_1_007097,0.06258668257172834,0.028766397784312305,0.041063847922702526,w20
Nfu_g_1_010933,0.062290423338045756,0.00996165450622897,0.040083417280602024,delta20minus10
Nfu_g_1_001084,0.06141161708157188,0.020629571056249935,0.04103417012756053,delta20minus10
Nfu_g_1_022498,0.06119617821804049,0.023916320747053965,0.04155003950941203,w20
Nfu_g_1_017712,0.06046616333364681,0.03232704503734366,0.03900787712822469,w20
Nfu_g_1_010960,0.06042730747041618,0.03209978454296127,0.04027090670820762,w20
Nfu_g_1_016218,0.06040955411915666,0.0256901624590757,0.03987770467560436,w20
Nfu_g_1_000487,0.05858547561072137,0.03901998691263694,0.03960001341888287,w20
Nfu_g_1_013298,0.058548657165359556,0.011043709415593836,0.04085276057815336,w20
Nfu_g_1_023149,0.05846092408771126,0.009842258483965242,0.04026870972741024,w20
Nfu_g_1_021978,0.05831442780545994,0.02346134590657983,0.03996924678459864,w20
Nfu_g_1_000583,0.058210759777133685,0.01638475149603538,0.03937253432719417,w20
Nfu_g_1_006434,0.058153460029757874,0.04676037937499537,0.04156173282028322,w20
Nfu_g_1_023527,0.05796572888022216,0.03319544808488957,0.0372237309043485,delta20minus10
Nfu_g_1_013138,0.05796196134215562,0.0178134681468319,0.0374822473604866,delta20minus10
Nfu_g_1_010177,0.05789152598291691,0.023399800009604604,0.03662586321128699,delta20minus10
Nfu_g_1_018490,0.0576845490319041,0.010205112665808591,0.04030258877788551,w20
Nfu_g_1_024261,0.05755626272308052,0.030493238021751693,0.04207895862462919,w20
Nfu_g_1_007248,0.05743054351681025,0.022039945085571864,0.04069546804599079,w20
Nfu_g_1_001056,0.05712778693789893,0.017712100640871458,0.03694617974839664,delta20minus10
Nfu_g_1_006595,0.05688031191126716,0.01619121335058834,0.036590089364875615,delta20minus10
Nfu_g_1_008034,0.056847659742695456,0.02555536827605116,0.036987614120921934,delta20minus10
Nfu_g_1_015191,0.05666106412935197,0.0032278538242230363,0.036884203594222814,w20
Nfu_g_1_006328,0.05662998673963511,0.04089104961863602,0.03982873287873862,w20
Nfu_g_1_016971,0.05659868682821167,0.02576325064457532,0.03690216692744247,delta20minus10
Nfu_g_1_017770,0.05652323141793172,0.015044914134560421,0.03972523059192553,delta20minus10
Nfu_g_1_004388,0.056476140367387566,0.03480750971312448,0.04307435560492586,w20
Nfu_g_1_011166,0.05623287085403493,0.021659767911168512,0.036450621997318765,delta20minus10
Nfu_g_1_018199,0.05621482310246049,0.01473273247381641,0.038154021984793146,w20
Nfu_g_1_017258,0.05571563520078652,0.016184846820764837,0.03686293332931095,delta20minus10
Nfu_g_1_003403,0.05566114021422086,0.032525272983984437,0.037206294751245046,delta20minus10
Nfu_g_1_019542,0.055492574454942434,0.015469299553907646,0.03641302380113169,w20
Nfu_g_1_005331,0.05535854602255312,0.028005302245092383,0.035134756648514315,delta20minus10
Nfu_g_1_022528,0.055327587244136195,0.007375600629364235,0.03850220871988094,w20
Nfu_g_1_002509,0.05531961528887995,0.021739082142399904,0.03870712413170677,w20
Nfu_g_1_008150,0.05527205654755454,0.008529614520190418,0.03703074760909597,delta20minus10
Nfu_g_1_003006,0.0544448921226555,0.008187771632445238,0.03646504821097029,w20
Nfu_g_1_003840,0.05434837964867891,0.016478891815924948,0.037466379686651605,delta20minus10
Nfu_g_1_013048,0.054307473363459015,0.02407375170800742,0.03631631582028305,delta20minus10
Nfu_g_1_009023,0.05422094792753144,0.042453264958460614,0.03658721833953729,w20
Nfu_g_1_012132,0.05422009132497567,0.025075799977848996,0.04188248722491087,w20
Nfu_g_1_016492,0.05419743688037561,0.04124613456949156,0.03784907057957073,w20
Nfu_g_1_016257,0.05389174895693097,0.02585844687823119,0.03711913328422783,delta20minus10
Nfu_g_1_003631,0.0537422784793044,0.02171658369853513,0.03690313452379114,w20
Nfu_g_1_006202,0.05352786521539857,0.020472298127885345,0.038128426201526705,w20
Nfu_g_1_019448,0.05351760617321931,0.01644985311674016,0.03688259543536481,w20
Nfu_g_1_018339,0.05348962860924911,0.02762234061990562,0.03554907290137778,w10
Nfu_g_1_020720,0.05341024050763674,0.005582415034682553,0.038191743006993246,w20
Nfu_g_1_021079,0.053337464495529785,0.0379522718724974,0.035911092177579436,delta20minus10
Nfu_g_1_003683,0.05314086853984456,0.017528382301617816,0.035696797095502025,delta20minus10
Nfu_g_1_005432,0.05290008341441173,0.019649118462052913,0.0358635268824181,delta20minus10
Nfu_g_1_009142,0.05288326777475646,0.0010608738324826828,0.036175344929551684,w20
Nfu_g_1_005373,0.05268308952454741,0.012195621551011672,0.03814876439546352,w20
Nfu_g_1_007672,0.05260818903046444,0.014114871321618186,0.03762947296122868,w20
Nfu_g_1_013039,0.05260210229664798,0.00992794098025159,0.03830752520859075,w20
Nfu_g_1_018606,0.05250319808292287,0.036298234850046886,0.03994730983435315,w20
Nfu_g_1_007943,0.05238412796698782,0.027867418465711377,0.03563277979595219,delta20minus10
Nfu_g_1_006050,0.05237052235000448,0.034075299877110596,0.0362557215252348,w20
Nfu_g_1_011064,0.05233951199540922,0.025246908102975297,0.03551108481564126,delta20minus10
Nfu_g_1_003293,0.0521474192731902,0.019644568189205187,0.034973402745886985,w20
Nfu_g_1_009697,0.05210542438218467,0.02968310578544213,0.03371117018759935,delta20minus10
Nfu_g_1_015537,0.05207212048733464,0.0375461562281135,0.0346105641903945,delta20minus10
Nfu_g_1_004176,0.052055086290207615,0.007271883975856513,0.03605638956216331,w20
Nfu_g_1_008007,0.052054594441321024,0.031761043350115044,0.03337758196073062,delta20minus10
Nfu_g_1_022747,0.05202717251951914,0.02667341238876564,0.03779391937811694,w20
Nfu_g_1_003058,0.05194758338268613,0.00817825588240285,0.03609029732131458,delta20minus10
Nfu_g_1_021506,0.051928752771002694,0.013193812807780769,0.03860351326191502,w20
Nfu_g_1_021184,0.05190772783166903,0.03069266129370842,0.0325115087132878,delta20minus10
Nfu_g_1_023057,0.05186228067034003,0.02808462344121053,0.03540251123035685,delta20minus10
Nfu_g_1_009541,0.051840262238462505,0.011095931695988775,0.03595985960412663,delta20minus10
Nfu_g_1_020760,0.051737058391000235,0.03235672603159772,0.03441834013758677,delta20minus10
Nfu_g_1_020628,0.051720643330860974,0.018968076031979093,0.03613882559734147,delta20minus10
Nfu_g_1_004844,0.05168283059811093,0.028218672133841466,0.03610933754384422,delta20minus10
Nfu_g_1_009961,0.051535526725765925,0.027428041424345514,0.03779946230694978,w20
Nfu_g_1_022908,0.05151066480709439,0.00822980362269894,0.03701154386716462,w20
Nfu_g_1_012130,0.05143842631115953,0.02657335445117121,0.04035518526494391,w20
Nfu_g_1_014332,0.051379899756196286,0.020082466197620098,0.03427706757779269,delta20minus10
Nfu_g_1_004335,0.05136979981859853,0.010171521806435999,0.0347093529809448,w20
Nfu_g_1_009489,0.051264228809706054,0.015364525463446415,0.03604738580538665,delta20minus10
Nfu_g_1_023076,0.05115079955514056,0.03788030350236868,0.03557124681339588,w20
Nfu_g_1_003740,0.051070613325580515,0.03491400330525511,0.033114943358801815,delta20minus10
Nfu_g_1_023298,0.0510581670805442,0.005037937952147372,0.03643643968895655,w20
Nfu_g_1_010922,0.05105351801628065,0.03894132895391407,0.03612747646699969,w20
Nfu_g_1_017264,0.05097458153181676,0.008360448265206849,0.036494453342434514,delta20minus10
Nfu_g_1_008967,0.0509515881430432,0.025355119362781252,0.038374548486719194,w20
Nfu_g_1_021472,0.05093127319472832,0.03916609094965047,0.033701296963313705,delta20minus10
Nfu_g_1_019255,0.05093093093614385,0.026987772866407255,0.035377519338249085,delta20minus10
Nfu_g_1_015122,0.05062214114927206,0.04314879460450221,0.03651627510238524,w20
Nfu_g_1_021582,0.05054064422768467,0.02235217302605524,0.0347543584269031,delta20minus10
Nfu_g_1_007567,0.05053448599858543,0.015550600164503573,0.03646778451639687,w20
Nfu_g_1_012023,0.050517793746114495,0.02179301763475048,0.03315041428539065,delta20minus10
Nfu_g_1_005126,0.0504662487972323,0.03886219024316365,0.034387953831376855,w20
Nfu_g_1_011840,0.05046463696505945,0.02872418059188972,0.03493701700017249,delta20minus10
Nfu_g_1_012912,0.05046192875888014,0.02588715249983199,0.03469174451117794,delta20minus10
Nfu_g_1_007125,0.0503045675824162,0.0361177213733851,0.034092059704020204,delta20minus10
Nfu_g_1_019840,0.05026852129162146,0.015382747291195712,0.03515553238067299,delta20minus10
Nfu_g_1_022636,0.05026689447810515,0.021444484163875274,0.03450431537162491,delta20minus10
Nfu_g_1_021217,0.050203183114354316,0.023467650384558912,0.03696512488608624,w20
Nfu_g_1_018548,0.05004844476259098,0.051378679672231684,0.04124243406042679,w20
Nfu_g_1_008090,0.049678091733320925,0.006615454155474021,0.03597351770254783,w20
Nfu_g_1_022203,0.04938655015063084,0.03656788699381595,0.0354859572759454,w20
Nfu_g_1_006644,0.04934539449711573,0.032852976934266157,0.033512407938991184,delta20minus10
Nfu_g_1_014026,0.049238079114197454,0.025879628982782465,0.03358561583138912,delta20minus10
Nfu_g_1_017360,0.048914222877703153,0.004816549431073065,0.036127552557153,w20
Nfu_g_1_021332,0.048900239077551866,0.03238331026367813,0.03238501827141341,delta20minus10
Nfu_g_1_013465,0.048893170051893205,0.032959349168325665,0.03319583419989962,delta20minus10
Nfu_g_1_004897,0.048837904441101476,0.008096095726355388,0.03317789380543257,w20
Nfu_g_1_001254,0.04882574305402375,0.015081523137820131,0.03736788336983921,w20
Nfu_g_1_018376,0.04871654929210998,0.0048394163177231725,0.03460232514960862,delta20minus10
Nfu_g_1_018501,0.04864176919908378,0.015541138182076239,0.034841493185394645,delta20minus10
Nfu_g_1_023384,0.04848094894401187,0.04274643449475873,0.03641948992459249,w20
Nfu_g_1_003568,0.04845804244594401,0.03518082903409047,0.038687211720771705,w20
Nfu_g_1_017567,0.04832617768890587,0.022500155374654402,0.03560580149248386,w20
Nfu_g_1_019855,0.048308931948037,0.0351606368053015,0.03327515268519227,delta20minus10
Nfu_g_1_001228,0.04828588755978324,0.027681663505185652,0.0375358423111491,w20
Nfu_g_1_022737,0.048262910580226,0.02981754332226692,0.0373758115005967,w20
Nfu_g_1_011824,0.048248247748274554,0.0310586767903745,0.032762974637173016,delta20minus10
Nfu_g_1_008319,0.048044849693591775,0.03491215344905428,0.031076071474731688,delta20minus10
Nfu_g_1_012618,0.04802801974846654,0.013855248847720861,0.034879297071999965,delta20minus10
Nfu_g_1_002707,0.04794934800056567,0.00923354086360495,0.036403012061697604,w20
Nfu_g_1_003560,0.04775965890525686,0.03633014302037187,0.03677088194683002,w20
Nfu_g_1_008961,0.04774263728814551,0.032098259687285705,0.03275496350174854,delta20minus10
Nfu_g_1_008211,0.047670113583567916,0.007687686654843856,0.03480973542527025,delta20minus10
Nfu_g_1_005293,0.04765962525041719,0.04152220728782197,0.032011749654666084,delta20minus10
Nfu_g_1_016152,0.047635636163081384,0.008220685283488516,0.0341016636139798,w20
Nfu_g_1_008151,0.04759362446567036,0.01556387941918354,0.03376259494762532,w20
Nfu_g_1_022387,0.047592563978070004,0.044427308334487534,0.035269277464847135,w20
Nfu_g_1_018736,0.047492618998850294,0.03106356406229788,0.0326309417216963,delta20minus10
Nfu_g_1_011169,0.04748568608023784,0.01889264346648868,0.030929971445013332,w10
Nfu_g_1_013151,0.04742501883618426,0.02565717726618106,0.030019120329397155,delta20minus10
Nfu_g_1_018368,0.04732337945829037,0.01762789436386778,0.03198145206255981,delta20minus10
Nfu_g_1_008080,0.047150167602540004,0.034926280414800455,0.031241420094526462,delta20minus10
Nfu_g_1_007385,0.046973939772576204,0.04385826611059331,0.03468756845687227,w20
Nfu_g_1_016812,0.04691034377292824,0.03853595865962035,0.037053287371713484,w20
Nfu_g_1_008727,0.04689458318339603,0.0507809145144349,0.034423349679572945,delta20minus10
Nfu_g_1_016608,0.04688608738900443,0.007529153828032924,0.03267975811978795,w20
Nfu_g_1_016864,0.04671220690621658,0.03490117090835105,0.03298246529826849,w20
Nfu_g_1_014748,0.04646690116865497,0.0035014626613174967,0.0330308320599783,w20
Nfu_g_1_019219,0.04623110433802286,0.07969836654516811,0.06749982862888602,w20
Nfu_g_1_002060,0.046203569754353274,0.021509233588794772,0.03870587659474657,w20
Nfu_g_1_016840,0.0457457463833996,0.03845524579766897,0.033318586883576404,w20
Nfu_g_1_004440,0.04571812225880594,0.012941291440332915,0.030881824035423746,w20
Nfu_g_1_009306,0.045676807863152875,0.021758398928128694,0.03390312302760499,w20
Nfu_g_1_014944,0.04556416202180058,0.031184310797961582,0.03329177280385469,w20
Nfu_g_1_013031,0.045485053298492124,0.006136926658141061,0.036257343548762026,w20
Nfu_g_1_009884,0.04548389299146655,0.023398007351150024,0.03592396390618917,w20
Nfu_g_1_005848,0.04546122560041137,0.04046325925200288,0.03135047837583835,delta20minus10
Nfu_g_1_007891,0.04542443927967361,0.01907184489840559,0.030903957043140185,delta20minus10
Nfu_g_1_004090,0.045359163322822,0.04669147487307182,0.0360165666875817,w20
Nfu_g_1_011459,0.04534987732840498,0.02191676679657117,0.033506564537918115,w20
Nfu_g_1_017552,0.04525299684400597,0.020076045643872116,0.03354497579974722,w20
Nfu_g_1_003248,0.045225656181780496,0.008288275871047744,0.03262747078360422,w20
Nfu_g_1_003853,0.04514380009871144,0.03958573305835525,0.03359553313712749,delta20minus10
Nfu_g_1_015843,0.04505508003914463,0.05618218437403625,0.04088281219694819,w20
Nfu_g_1_006079,0.0448367075906828,0.024927941861941222,0.03264507905492085,w20
Nfu_g_1_001379,0.04479488986459126,0.03539811061987409,0.031044725054034425,delta20minus10
Nfu_g_1_012617,0.04478556546355286,0.026119875977081836,0.035078310955553145,w20
Nfu_g_1_004218,0.04473363126746594,0.024695482239535847,0.033227812411314873,w20
Nfu_g_1_021857,0.044719975460128764,0.04354222616183044,0.03507807697328946,w20
Nfu_g_1_010700,0.04461424067758032,0.02179309468663957,0.02915857315135408,delta20minus10
Nfu_g_1_021490,0.044459759108524316,0.02065617618406368,0.03292801543374726,w20
Nfu_g_1_015114,0.044446551199165865,0.014931933249661477,0.03132068216371594,w20
Nfu_g_1_021435,0.044422019272551495,0.039778740127212595,0.030196301600587568,delta20minus10
Nfu_g_1_008348,0.04429977446267506,0.03167306569596922,0.03139279112256542,delta20minus10
Nfu_g_1_001454,0.04424947414190713,0.03633795953804904,0.0344909084297376,w20
Nfu_g_1_020222,0.04419546637080922,0.026785861098678965,0.031445357175676966,delta20minus10
Nfu_g_1_021914,0.04415165960719973,0.031168892502876532,0.03424355311901186,w20
Nfu_g_1_003111,0.04413869094130842,0.032971564020136936,0.030671359061260728,delta20minus10
Nfu_g_1_013884,0.044076350961937676,0.027682956098428465,0.032287899322180694,w20
Nfu_g_1_003023,0.044016157880554026,0.019188551609595067,0.03227828340821445,w20
Nfu_g_1_012848,0.043869084155130765,0.016969116119805863,0.0303519670546905,w20
Nfu_g_1_009150,0.04370471940797072,0.0225896318102032,0.031775083439475646,w20
Nfu_g_1_011147,0.043568806272743434,0.014051988680964751,0.03294295646366226,w20
Nfu_g_1_022806,0.04338128333218127,0.018791034734153063,0.030021838141532146,delta20minus10
Nfu_g_1_007699,0.043368999696340414,0.03499769103675703,0.02913214931736711,delta20minus10
Nfu_g_1_011905,0.04335197332859587,0.02243644448354108,0.029763800368497056,w20
Nfu_g_1_009522,0.043304892197280176,0.024021171452875804,0.03208656807367686,delta20minus10
Nfu_g_1_018287,0.04299510431818123,0.030193585098061932,0.031971867151451165,w20
Nfu_g_1_008555,0.0429682352622513,0.020297635370885393,0.030831230112546276,w20
Nfu_g_1_017714,0.04293199002099868,0.02387528904632826,0.028909366390175602,w20
Nfu_g_1_003707,0.04289395244899119,0.013829146903425191,0.033183042588273225,w20
Nfu_g_1_011849,0.04283996894641247,0.0362359555573157,0.029093322490343305,delta20minus10
Nfu_g_1_003269,0.0427742280165579,0.02471269650653306,0.03122960059274093,w20
Nfu_g_1_000665,0.042756833232824844,0.023747278363605472,0.03130720737472402,w20
Nfu_g_1_020127,0.04275175443239209,0.02563163456835007,0.030992640932848894,w20
Nfu_g_1_019977,0.04245018779815369,0.029506032658082288,0.03272805096947158,w20
Nfu_g_1_017453,0.042436841958729106,0.04222482822277909,0.028112677298400703,delta20minus10
Nfu_g_1_017163,0.04238645931317966,0.03699232959183018,0.03248298328800128,w20
Nfu_g_1_008081,0.04231861609304804,0.012503613703588214,0.031484678029597084,w20
Nfu_g_1_005271,0.04223792217359418,0.03861245914164814,0.029110776960430386,delta20minus10
Nfu_g_1_018229,0.042236087829732934,0.04608554259944842,0.031446967571274256,delta20minus10
Nfu_g_1_003097,0.04206163096431061,0.03220418112353447,0.028232267679426888,w20
Nfu_g_1_017679,0.042047796408109406,0.03825324048829731,0.02920280601465596,w20
Nfu_g_1_020488,0.04204691881041212,0.025563225413354134,0.029240705876306936,delta20minus10
Nfu_g_1_013396,0.04198463085948077,0.034103146542351435,0.029538390390757976,delta20minus10
Nfu_g_1_020233,0.04197330832063085,0.012714834535655415,0.0303273478474548,w20
Nfu_g_1_008461,0.04193970399911246,0.044808258338272,0.029626053298224035,delta20minus10
Nfu_g_1_007235,0.04190935248523577,0.014484712056413478,0.029528304552008812,w20
Nfu_g_1_020600,0.04185998039953286,0.06454027329190994,0.05268036776516383,w20
Nfu_g_1_000421,0.041814790630394984,0.03285952181279845,0.028252862312516665,delta20minus10
Nfu_g_1_005521,0.041813342775556504,0.027884245063058945,0.027205335389167515,delta20minus10
Nfu_g_1_013906,0.04177448036685501,0.026759548193844684,0.03211456280209532,w20
Nfu_g_1_018839,0.04170652504972143,0.024955306673775362,0.02783437969103443,delta20minus10
Nfu_g_1_000449,0.04168193457335851,0.03697744881487067,0.028068594411616965,w20
Nfu_g_1_007878,0.041608287074872886,0.01605499569563038,0.03035993873757067,w20
Nfu_g_1_002610,0.04157469734180483,0.01788979257127137,0.0282172839988949,delta20minus10
Nfu_g_1_003972,0.04134274978859503,0.02823472851949052,0.029075149414259732,delta20minus10
Nfu_g_1_018749,0.0413273871122113,0.042672440425277715,0.03541491724195769,delta20minus10
Nfu_g_1_022088,0.04110564786368597,0.025653670293477277,0.028716485700710427,delta20minus10
Nfu_g_1_011269,0.04107053526117705,0.010069160822393551,0.032792280136235925,delta20minus10
Nfu_g_1_014812,0.04099534263569039,0.011148820099076499,0.030832329879825184,w20
Nfu_g_1_019569,0.040768932373263,0.028369228683241696,0.03361760108366846,w20
Nfu_g_1_007868,0.0407392220849917,0.016769852102741296,0.03263039909622695,w20
Nfu_g_1_020882,0.04072282389944289,0.02328896687846645,0.026451867144778474,delta20minus10
Nfu_g_1_018711,0.040709876817362906,0.04122358909578706,0.031857240027417355,delta20minus10
Nfu_g_1_021426,0.040670668163302504,0.010078112265043905,0.03066199487141961,w20
Nfu_g_1_005591,0.040660341928417276,0.007889799786533617,0.031796152226085526,delta20minus10
Nfu_g_1_013022,0.040638011672684285,0.033186992634224456,0.03207415219418336,w20
Nfu_g_1_023155,0.040507831653418716,0.03200588000550618,0.03157134856986025,w20
Nfu_g_1_008823,0.04049649095861093,0.02465718432663078,0.03158213156278655,w20
Nfu_g_1_021212,0.040482609565286314,0.03932290262516098,0.033080654514292665,w20
Nfu_g_1_021272,0.04047459759762163,0.03656936593778545,0.028188729214539687,delta20minus10
Nfu_g_1_014496,0.04045222163007399,0.038622768994483685,0.027402934108339074,delta20minus10
Nfu_g_1_003317,0.04041361491884748,0.02368177770691312,0.03289874937623119,w20
Nfu_g_1_017150,0.04038974492911728,0.08403215116271132,0.058930989477625144,w20
Nfu_g_1_006870,0.04035857104018699,0.019728734480238996,0.03079149608357247,w20
Nfu_g_1_021841,0.04017561373495917,0.0401318248059231,0.02836603316635089,delta20minus10
Nfu_g_1_006177,0.04000797425144542,0.015220025728678395,0.029171278986118234,w20
Nfu_g_1_004833,0.03994680440228676,0.008861279868633358,0.027805645871009116,w20
Nfu_g_1_008383,0.03993674233027721,0.05445339238568851,0.051577412684007604,w20
Nfu_g_1_020884,0.039922460737145365,0.037123259917738974,0.03169470650132021,w20
Nfu_g_1_012032,0.03981623307133015,0.026107575972008454,0.02716360540385646,delta20minus10
Nfu_g_1_009325,0.03977776336961788,0.024413839516071553,0.030516487526495824,w20
Nfu_g_1_018267,0.0397705393664427,0.03984853180669485,0.02988742269127182,w20
Nfu_g_1_001315,0.039679108805213484,0.04224625836549458,0.02893337803406251,delta20minus10
Nfu_g_1_018675,0.0394378437438931,0.04768188791604807,0.03316606822851198,w20
Nfu_g_1_021561,0.0394094585628732,0.022601730769060097,0.028857178680846203,w20
Nfu_g_1_007885,0.03938525384888922,0.013225432307394537,0.027864904737705427,delta20minus10
Nfu_g_1_011219,0.03930639295619595,0.019568906694429032,0.027552952605473174,delta20minus10
Nfu_g_1_018818,0.03926188120569539,0.029364090756493908,0.032097429635757825,w20
Nfu_g_1_008310,0.039259731574950246,0.04500899980159942,0.0302753046143391,delta20minus10
Nfu_g_1_021051,0.03916959532830706,0.025464194731479213,0.031171420977741136,w20
Nfu_g_1_021566,0.039103877597397974,0.015354554526420174,0.029327521096198413,w20
Nfu_g_1_009390,0.03908449951897119,0.044695246437269326,0.033813088413649016,delta20minus10
Nfu_g_1_019916,0.039024015933584205,0.020031547596618286,0.027535829544928832,w20
Nfu_g_1_005172,0.03900422368820276,0.04286346062472608,0.02868795490243775,delta20minus10
Nfu_g_1_023493,0.03900409744982697,0.01565006105745823,0.026172583044454672,delta20minus10
Nfu_g_1_015049,0.03899383579225696,0.016941444157183547,0.02808178460864164,w20
Nfu_g_1_014607,0.038941041086596746,0.025334521243871606,0.03070436342396866,w20
Nfu_g_1_008816,0.03882193994958824,0.033646582408016316,0.027144210677334767,delta20minus10
Nfu_g_1_020588,0.038821715897325415,0.01500659623652928,0.026283377359248544,delta20minus10
Nfu_g_1_007579,0.03874228037023711,0.026032761035662686,0.02681805827718811,w20
Nfu_g_1_022756,0.038600107018973394,0.026885233351148185,0.029220540174550325,w20
Nfu_g_1_005133,0.038556383754148126,0.027258980625943497,0.02981783126755838,w20
Nfu_g_1_004360,0.03853951481706509,0.010701838477238495,0.027878671173618093,w10
Nfu_g_1_000226,0.038476408304856234,0.026119343191583218,0.030918748689421034,w20
Nfu_g_1_013782,0.0384700126543402,0.028468938145391226,0.02976484854186901,w20
Nfu_g_1_015809,0.038455544845880554,0.02544185283303036,0.02668470667641698,delta20minus10
Nfu_g_1_008077,0.038397584823729305,0.015132866232431385,0.024961975933432443,delta20minus10
Nfu_g_1_010083,0.038299047252759726,0.01949460510600623,0.0271017391087801,w10
Nfu_g_1_015335,0.03828314991568707,0.04979492097466032,0.03462633683663924,delta20minus10
Nfu_g_1_008059,0.038231067051471966,0.034186092366252196,0.029277684543882992,w20
Nfu_g_1_010475,0.038177364095084106,0.02006908777825383,0.02652201723811097,delta20minus10
Nfu_g_1_010885,0.03817682709691078,0.02352205666210588,0.031173306741225402,w20
Nfu_g_1_018223,0.038067060372295215,0.002716138372343966,0.027425937812862518,delta20minus10
Nfu_g_1_005178,0.03804119009343162,0.0451434843040083,0.029725780863646172,delta20minus10
Nfu_g_1_003257,0.03803896635734161,0.07391303043262572,0.055790104070877006,w20
Nfu_g_1_001145,0.037995523717532224,0.03402876521338225,0.02770975171076404,delta20minus10
Nfu_g_1_021007,0.03798824306403368,0.045406283947085777,0.03137834444750791,delta20minus10
Nfu_g_1_013428,0.03798505720709271,0.02738542560937382,0.030644008311286823,delta20minus10
Nfu_g_1_022824,0.03787759024960846,0.02261922476052513,0.030682261849336895,w20
Nfu_g_1_008079,0.0378170223651235,0.021991973940120646,0.03071782616619968,w20
Nfu_g_1_008347,0.03779345439306702,0.02550725185703773,0.0329444140620652,delta20minus10
Nfu_g_1_001278,0.037773904563773976,0.02294551455614811,0.02579990921253112,delta20minus10
Nfu_g_1_017748,0.037721076252372227,0.05289229244665945,0.03613533452270053,w20
Nfu_g_1_015864,0.037651421176704634,0.03290776008635429,0.027059436942299838,w10
Nfu_g_1_009388,0.03757880296706637,0.022348701994719538,0.026257726861760658,delta20minus10
Nfu_g_1_003176,0.0374950216893501,0.036434920291718825,0.031090864642998726,w20
Nfu_g_1_005405,0.03738203680599074,0.05447993026094126,0.039862860046446444,delta20minus10
Nfu_g_1_012746,0.037357526272815134,0.01437052986251657,0.02898009324773381,w20
Nfu_g_1_013268,0.03731268256437526,0.02959330249892216,0.029998052126140852,w20
Nfu_g_1_017108,0.03726856701482473,0.019485733727354317,0.027694028478592855,w20
Nfu_g_1_011425,0.037236438626121186,0.028602088822161535,0.027509471077274174,w20
Nfu_g_1_015006,0.03722449386844919,0.026192872113648662,0.027612440808807447,w20
Nfu_g_1_001362,0.037083120202614464,0.020969454645950576,0.029775153290998755,w20
Nfu_g_1_007944,0.037082433885803553,0.02430605465828057,0.029629411929556804,w20
Nfu_g_1_006623,0.03707032072323116,0.042336474209045856,0.029605460204961395,delta20minus10
Nfu_g_1_016671,0.037019337279434954,0.030847017899234913,0.029667832018689645,w20
Nfu_g_1_009584,0.036983324008193055,0.03365339098946383,0.02938685649091837,w20
Nfu_g_1_021785,0.036976154638325445,0.027555426911984583,0.029584403777529973,w20
Nfu_g_1_019317,0.03693297749662776,0.015578885396697243,0.028922036226087557,w20
Nfu_g_1_002857,0.03693180137773546,0.019508958942657598,0.02479695356796341,delta20minus10
Nfu_g_1_017327,0.036889440393986506,0.02151252102894673,0.027421372683109603,w20
Nfu_g_1_018261,0.03688377673559944,0.030347375724698963,0.027075299678793085,w20
Nfu_g_1_011837,0.036873555609594745,0.020008706586928993,0.02678297422210315,w20
Nfu_g_1_013874,0.03680051129356405,0.031172359429919808,0.02779330121941165,w10
Nfu_g_1_021114,0.036693846178344355,0.02524103326925125,0.03061883384910195,w10
Nfu_g_1_011860,0.03665935389503996,0.01824040466448515,0.031141510919488746,w20
Nfu_g_1_022345,0.03663258992685788,0.05072001767529392,0.03465554812585769,delta20minus10
Nfu_g_1_017961,0.03660321285406384,0.027143879738173633,0.025815231500563245,w20
Nfu_g_1_004681,0.036569630020887894,0.015119936045772516,0.02541687673487471,w20
Nfu_g_1_005253,0.036543330439714326,0.027510411483309165,0.030157639964332177,w20
Nfu_g_1_011286,0.036486135747864995,0.018817551069749743,0.02816641095220629,w20
Nfu_g_1_002980,0.0364472277534921,0.03229358607053385,0.02592199372971813,delta20minus10
Nfu_g_1_005078,0.03642466116554067,0.029463639193696448,0.024918207492209923,delta20minus10
Nfu_g_1_019960,0.03638875029411165,0.04454316261900305,0.036299453516918725,delta20minus10
Nfu_g_1_009773,0.03629639063630958,0.02037622495642032,0.026360311255041832,w10
Nfu_g_1_004056,0.036289942122698204,0.015411555511609675,0.02885770538843656,w20
Nfu_g_1_012938,0.03624165878175818,0.00779794668805768,0.027356849460650198,w10
Nfu_g_1_008523,0.036196322229906375,0.040696779761720904,0.02882712026458069,delta20minus10
Nfu_g_1_004178,0.036188568595951605,0.018852191909711206,0.026765868327294773,w20
Nfu_g_1_009700,0.03618581665160463,0.0250990185705355,0.025872209766689264,delta20minus10
Nfu_g_1_004546,0.036129719259433514,0.01971135111765866,0.027047701863009713,w20
Nfu_g_1_022942,0.036128196806238876,0.022076631827720773,0.02761563627409947,w10
Nfu_g_1_015955,0.036037555625686155,0.026370201323241457,0.02885796679255486,w20
Nfu_g_1_019324,0.03600871649962511,0.052060628134739224,0.03526879378634426,delta20minus10
Nfu_g_1_014183,0.03597641362635486,0.015976880498322618,0.024704911623160374,delta20minus10
Nfu_g_1_006610,0.035905621629374225,0.00487151105487775,0.02503939540808658,delta20minus10
Nfu_g_1_019757,0.035857124307093494,0.013326142100986326,0.027549073492230874,w20
Nfu_g_1_017273,0.035853730500026215,0.0360879414410761,0.0313707649355811,w20
Nfu_g_1_000186,0.035847112981713156,0.04878542147430794,0.0328697289362336,delta20minus10
Nfu_g_1_024583,0.035792015975646234,0.01979701145821495,0.029368600259934957,w10
Nfu_g_1_004682,0.03571039496582594,0.025001356760756634,0.02582630884592402,w20
Nfu_g_1_004132,0.03568717309293789,0.050613576083766224,0.043018963813747944,w20
Nfu_g_1_001420,0.03562138531280018,6.766858363920548e-4,0.0239691624936336,w20
Nfu_g_1_012937,0.03560983374983244,0.013239342677062822,0.026582669802193946,delta20minus10
Nfu_g_1_019693,0.03559075229279146,0.026456138912313288,0.029641509704025588,w20
Nfu_g_1_005109,0.03556566358731722,0.0336342533470979,0.02693215867196599,w20
Nfu_g_1_018647,0.03554991886807663,0.03505769137070545,0.024726737409798274,delta20minus10
Nfu_g_1_001527,0.035526277689990456,0.03065472309550215,0.025375097639129034,w20
Nfu_g_1_000124,0.035479949969531466,0.03545827844040713,0.03078576789175803,w20
Nfu_g_1_002455,0.03543925440853504,0.01674824160385073,0.025657440416320666,w20
Nfu_g_1_020815,0.03541151925565028,0.025825819744908073,0.02530221982325593,delta20minus10
Nfu_g_1_015301,0.035353022619086925,0.027338053398780458,0.024367785311678315,w20
Nfu_g_1_006397,0.035347720094398474,0.04032420583697589,0.031989182783616114,w20
Nfu_g_1_009805,0.035333274383609004,0.04612182742142132,0.031054207561655126,delta20minus10
Nfu_g_1_001694,0.03532778872034014,0.03237858351045504,0.027952783688873436,w20
Nfu_g_1_018009,0.03526139376132487,0.04625392319310182,0.03846499950798701,delta20minus10
Nfu_g_1_022979,0.035260779374356344,0.029128547489789176,0.02782551883377056,w20
Nfu_g_1_002140,0.03523413285116498,0.019307560179325414,0.027775264676661277,w20
Nfu_g_1_015239,0.03519765555156371,0.04663800830707721,0.033901520605469505,w20
Nfu_g_1_007373,0.03517184166708859,0.005233844492359737,0.023570339708550245,delta20minus10
Nfu_g_1_021425,0.035165032850712236,0.0316798811495337,0.024760038161291516,w20
Nfu_g_1_018794,0.03514824418178793,0.03777510354838189,0.03066291289484032,w20
Nfu_g_1_001790,0.03505992159050539,0.03271190307662556,0.02758791542212788,w20
Nfu_g_1_007159,0.0350545526195702,0.03545158114149921,0.03174731522249208,w20
Nfu_g_1_022975,0.035049611486635886,0.023867277524183484,0.027792929156297885,w20
Nfu_g_1_008411,0.035007280686416425,0.06256392196312344,0.04894371142952061,w20
Nfu_g_1_010812,0.034996289285796206,0.031996670477027596,0.028160512099926985,delta20minus10
Nfu_g_1_003310,0.034932565419938014,0.017272108682601452,0.024043485633830013,w10
Nfu_g_1_002738,0.0348392703171277,0.0425013735384684,0.03553343515812408,w20
Nfu_g_1_018272,0.0348255701787404,0.022315578962275744,0.027732612546377593,w20
Nfu_g_1_022712,0.03471088815224717,0.01852908340823031,0.02446999925216708,w10
Nfu_g_1_001580,0.034665467213371354,0.015249331225265436,0.026424946121587262,w10
Nfu_g_1_013270,0.03465670897057243,0.051192553503158045,0.03490305104904363,w20
Nfu_g_1_009921,0.034593601777012366,0.03304406819775877,0.025580719281833177,w20
Nfu_g_1_007864,0.0344490569737326,0.02379095761038725,0.02581791651431835,w20
Nfu_g_1_019963,0.034330072418927306,0.038946447735012844,0.030187274602118758,delta20minus10
Nfu_g_1_001400,0.034322235972395476,0.005825881621388303,0.026600962087528893,delta20minus10
Nfu_g_1_006903,0.03430759473160565,0.006449519423699697,0.026591610821343918,w20
Nfu_g_1_019673,0.03429192209932892,0.03079579961663848,0.02470108719395527,w20
Nfu_g_1_001860,0.03427849962270442,0.031966020876752384,0.028425108967058254,w20
Nfu_g_1_009433,0.034267152751948485,0.03877929951284533,0.028431149488242855,w20
Nfu_g_1_008945,0.034264485615228574,0.05362718685337041,0.03598302155413404,delta20minus10
Nfu_g_1_011964,0.0342603295214544,0.031393508646925875,0.026368718928289573,delta20minus10
Nfu_g_1_017949,0.034248758322001575,0.02661384472485935,0.023862494764936713,delta20minus10
Nfu_g_1_013753,0.034248685744435604,0.01861558027864096,0.023403515436725586,delta20minus10
Nfu_g_1_005173,0.034227877658039224,0.04121782606912078,0.030345366704099905,w20
Nfu_g_1_019663,0.03421946245502924,0.02437988538642114,0.027123085996542787,delta20minus10
Nfu_g_1_000423,0.03403987254216224,0.009916690013635498,0.02721405095959617,w10
Nfu_g_1_019575,0.033994668889321414,0.049888838699566104,0.033878037859183974,delta20minus10
Nfu_g_1_006612,0.03397028523059707,0.021131552882208783,0.025432529142794574,w20
Nfu_g_1_025977,0.03393351848648507,0.01152109287266708,0.02506605646177586,w10
Nfu_g_1_012154,0.03388748775554108,0.0351566028552792,0.029755441907201554,w20
Nfu_g_1_002418,0.03379738550345173,0.01843210625852217,0.02522594621649782,w20
Nfu_g_1_008524,0.03379665432051331,0.023127225221072908,0.025477232020463137,w20
Nfu_g_1_007312,0.03373166131023021,0.028581318778506438,0.023339612156912114,delta20minus10
Nfu_g_1_008259,0.0336664266426477,0.027888836333219674,0.027835747368628927,w20
Nfu_g_1_004104,0.03365554908765156,0.02592657091811908,0.027070694950310257,delta20minus10
Nfu_g_1_001221,0.033610681263150054,0.029858565034346786,0.02761958167678085,w20
Nfu_g_1_005218,0.03347700904071895,0.03417528787858465,0.030109393676393835,w20
Nfu_g_1_021233,0.033467610074458566,0.030876550799437224,0.02355502466991053,w20
Nfu_g_1_001721,0.03332730758009242,0.033178218721890404,0.026302915282692713,w20
Nfu_g_1_004304,0.033262655923201934,0.02285339736411441,0.02576629654395953,w20
Nfu_g_1_005495,0.03323308469997248,0.024869721909664293,0.026929297475653913,w20
Nfu_g_1_009887,0.033206484759266464,0.038082503028481964,0.02741501589661745,delta20minus10
Nfu_g_1_020462,0.03312420358647467,0.03578149654005287,0.025492363272301775,w20
Nfu_g_1_018682,0.033008747486619736,0.019742960363386113,0.026768486920233942,w20
Nfu_g_1_006560,0.03296838069888468,0.009271765230193952,0.026058379995235175,w20
Nfu_g_1_020441,0.03295930081185888,0.024336772610766326,0.027420570881650543,w20
Nfu_g_1_011238,0.03295842319549597,0.05284547393907986,0.036276924240697,delta20minus10
Nfu_g_1_021631,0.03285395301796123,0.05111804715748021,0.03437251465760188,delta20minus10
Nfu_g_1_015550,0.03280006131839992,0.031953378117667935,0.027142212264200615,w20
Nfu_g_1_010976,0.032776443627935255,0.0017853986303609439,0.02335108789025717,delta20minus10
Nfu_g_1_004271,0.03267698803730789,0.040531077485364296,0.03235828695004814,w20
Nfu_g_1_017207,0.032649068454992464,0.03747157207874542,0.03105323688955759,delta20minus10
Nfu_g_1_005474,0.03258942417897751,0.035471844470278305,0.024223069832079187,w10
Nfu_g_1_007109,0.03257920201667008,0.03386217974933315,0.025945994187079196,w20
Nfu_g_1_004527,0.03255449553823501,0.03706919243354811,0.031366202920129545,w20
Nfu_g_1_003834,0.032524186450115976,0.027451926997816626,0.022137650030394973,delta20minus10
Nfu_g_1_021382,0.032476592778892,0.05253236701891012,0.03975862462868288,w20
Nfu_g_1_007305,0.032441126299636316,0.029103368422645468,0.026417080114188637,w20
Nfu_g_1_009544,0.03234665586694925,0.023995215800844346,0.02627147073201098,w20
Nfu_g_1_011723,0.0323463480519295,0.017527413984178907,0.023679271204344734,delta20minus10
Nfu_g_1_010161,0.032318973069342075,0.02935360079385003,0.024006713729142946,delta20minus10
Nfu_g_1_006411,0.032159445651287207,0.014208346132789564,0.025853479779416415,delta20minus10
Nfu_g_1_002684,0.03209513427246116,0.014049640772665347,0.022247977572799994,delta20minus10
Nfu_g_1_008965,0.0319667829136779,0.019987367072923572,0.023128836752618596,w10
Nfu_g_1_014592,0.031955556082933434,0.021302237777918655,0.025638937901897193,delta20minus10
Nfu_g_1_020522,0.03194878128026577,0.03283138305055134,0.025972880322600516,w20
Nfu_g_1_013869,0.03190582905496401,0.015627687638097514,0.021092484972756904,delta20minus10
Nfu_g_1_005982,0.03180448179841002,0.015890889917454597,0.021113386150479762,w20
Nfu_g_1_013299,0.031789209280725435,0.03560007919430124,0.03123883022273302,w20
Nfu_g_1_005447,0.03171522710473662,0.0375694914797901,0.03239625480125115,delta20minus10
Nfu_g_1_021016,0.03163936199496396,0.013384681310524841,0.023412419097062757,w10
Nfu_g_1_000925,0.031638841177097005,0.04634168260379394,0.035434175115472234,w20
Nfu_g_1_021129,0.03157171776291517,0.02875856572670119,0.024820048206624458,w10
Nfu_g_1_002887,0.031561535101012866,0.037579508881636636,0.028977719081612084,w20
Nfu_g_1_014977,0.03145208282595873,0.047785971014601386,0.0327124301005074,delta20minus10
Nfu_g_1_001230,0.03130699179988662,0.016335802915601955,0.024662530048540465,w20
Nfu_g_1_020234,0.031304167794178356,0.026304969513011547,0.02353331915013713,w20
Nfu_g_1_016641,0.03129319689058094,0.0030750243244493463,0.025376426932823777,delta20minus10
Nfu_g_1_008173,0.03126989680177667,0.05519140232693135,0.04326116118533968,w20
Nfu_g_1_004790,0.03116521711959442,0.0349262941119143,0.02796835115753045,delta20minus10
Nfu_g_1_007882,0.031091655125394316,0.03340112121652086,0.02296175704473573,delta20minus10
Nfu_g_1_018321,0.031088164050795532,0.03773247204554536,0.031001213406315835,delta20minus10
Nfu_g_1_022222,0.031075723268331176,0.03633101899151994,0.026592826966781787,delta20minus10
Nfu_g_1_020722,0.031042738260705926,0.031926138157125056,0.0251643741480374,w10
Nfu_g_1_015280,0.03083525211390563,0.029794118898012863,0.023662696296202913,w20
Nfu_g_1_013267,0.03079693994182436,0.05983883430651794,0.0416256804314701,delta20minus10
Nfu_g_1_016889,0.03069570960525773,0.004715180704792359,0.023953262357319413,w10
Nfu_g_1_009391,0.030606825467913306,0.0291572414968954,0.020531984638217527,delta20minus10
Nfu_g_1_008675,0.030376808806499102,0.025121883512652723,0.023506122473258007,w20
Nfu_g_1_004633,0.03036219894129804,0.06132975584429247,0.04929088210973555,w20
Nfu_g_1_022020,0.0302906662850778,0.031331124976111,0.02722345182240861,w20
Nfu_g_1_015514,0.030280514340165883,0.033578063632221974,0.024092257003078786,delta20minus10
Nfu_g_1_003756,0.030262095429736395,0.03471916191613995,0.02567336634786526,delta20minus10
Nfu_g_1_011752,0.030123326370120426,0.031903435027550796,0.026593002550255995,delta20minus10
Nfu_g_1_001099,0.03008406247298079,0.01738825794326152,0.02148332108155989,delta20minus10
Nfu_g_1_002596,0.02988867937893477,0.012731183346163709,0.02078217471229892,delta20minus10
Nfu_g_1_011004,0.0298881194387159,0.024939482927282437,0.02519351776159718,w20
Nfu_g_1_018381,0.029751598959538744,0.004899495692169449,0.023208966630580474,w20
Nfu_g_1_018656,0.029740649466692127,0.04988195321272932,0.04054408336284126,w10
Nfu_g_1_009151,0.029677130014707894,0.06020048655855118,0.04420723288286327,delta20minus10
Nfu_g_1_018149,0.02964505480021823,0.04253285885891594,0.034773482360990406,w20
Nfu_g_1_016823,0.029608039184913736,0.024420635658977057,0.022166035648783035,w10
Nfu_g_1_006401,0.029446925817544815,0.032554364622244425,0.023805281275765092,delta20minus10
Nfu_g_1_003136,0.0294265922198686,0.03644343068254909,0.02454799488112674,delta20minus10
Nfu_g_1_023065,0.0294263138969883,0.015299902078446507,0.024068765281088002,w20
Nfu_g_1_009906,0.029373373227419092,0.03994397168453408,0.03444336352346869,delta20minus10
Nfu_g_1_022286,0.029310014724861493,0.009874222826633115,0.021474606407538916,w20
Nfu_g_1_011041,0.029305287947854818,0.02426291909305383,0.024774260560834434,w10
Nfu_g_1_004209,0.02930225393991776,0.0019473100817287477,0.02207235651043462,w20
Nfu_g_1_022125,0.029246825948234814,0.00949926375121996,0.0223500391006228,w20
Nfu_g_1_009680,0.029225029012139917,0.044204756694807536,0.031056281605469638,delta20minus10
Nfu_g_1_011746,0.029205789161712157,0.030176642353561316,0.022204465744836404,delta20minus10
Nfu_g_1_001675,0.02910881892862527,0.0572016187944463,0.03948888217419877,delta20minus10
Nfu_g_1_014201,0.0290589194265313,0.02897260507390347,0.023894291756862765,w20
Nfu_g_1_010029,0.02893426018328713,0.01478876285659131,0.020048317790929686,delta20minus10
Nfu_g_1_013311,0.028855685091044053,0.020703161798850855,0.023193997371128074,w20
Nfu_g_1_002585,0.028829384213295107,0.03509797613376541,0.028415396119180925,delta20minus10
Nfu_g_1_004072,0.028760502304234888,0.04555593617826377,0.035306777704887,w10
Nfu_g_1_021249,0.028747398320553365,0.02645110898929807,0.02455371101021222,delta20minus10
Nfu_g_1_004530,0.02871329712047948,0.026264233840504272,0.02343306447020992,w10
Nfu_g_1_002165,0.02870954411945678,0.03466468461356067,0.025028801195818393,delta20minus10
Nfu_g_1_004800,0.028651319908076706,0.024955916133588853,0.021448088172782636,delta20minus10
Nfu_g_1_020807,0.02864653378640331,0.02004062791565548,0.02413405426559774,w10
Nfu_g_1_009837,0.028637972887115892,0.0241638321003107,0.022823072399107625,w20
Nfu_g_1_019573,0.02856631137382537,0.048494149863620724,0.033047474306890964,delta20minus10
Nfu_g_1_002076,0.02856167797074073,0.03132700989143678,0.026761594688717933,w20
Nfu_g_1_005444,0.028535987891440177,0.0326785107672579,0.02487053884209306,delta20minus10
Nfu_g_1_021863,0.02844376156503004,0.017395709719853793,0.020578990059221508,w20
Nfu_g_1_002817,0.02837705976456273,0.05345237490407367,0.04648236647949622,delta20minus10
Nfu_g_1_000941,0.028301615775609027,0.017617471582556634,0.0219605482880295,w10
Nfu_g_1_015750,0.028298051040081297,0.018603517552591545,0.020281365500075775,w10
Nfu_g_1_016752,0.028213873827619477,0.024067506452738044,0.018437735643910897,delta20minus10
Nfu_g_1_022092,0.028202094333306893,0.011814094393824599,0.020317784272167915,w20
Nfu_g_1_005013,0.028193399626159035,0.02374167091979435,0.020858440485414284,delta20minus10
Nfu_g_1_007089,0.028187313602737855,0.04380953546765847,0.03622230413140561,delta20minus10
Nfu_g_1_006731,0.028186772178095256,0.04417927513015086,0.03287322693379913,delta20minus10
Nfu_g_1_007495,0.028143793092067194,0.0601574707578847,0.04294789178317936,w20
Nfu_g_1_008396,0.028138718515251758,0.03072752750187354,0.02622069517673104,delta20minus10
Nfu_g_1_002359,0.028115956934319845,0.034170135300658454,0.02496311737274591,w20
Nfu_g_1_005002,0.028092474366489543,0.02664632705454301,0.023284624718542295,w20
Nfu_g_1_013979,0.028001549829719467,0.032973072314526924,0.025777918617893025,w20
Nfu_g_1_009372,0.027946899271825518,0.0380874206994992,0.030839916428044244,w20
Nfu_g_1_020491,0.027935675287751392,0.03599754812517241,0.026067758022642096,w20
Nfu_g_1_017566,0.02790036832037835,0.02957345876911921,0.020539909707783483,w20
Nfu_g_1_022855,0.027895010234950657,0.033897786183866095,0.02618637715655784,w20
Nfu_g_1_005742,0.02786512924575482,0.014793613176154505,0.024858723731051777,delta20minus10
Nfu_g_1_014799,0.027833077541210786,0.03901512808947903,0.029415771032692918,w10
Nfu_g_1_002580,0.027819100768569173,0.041494443520231405,0.030240556980965623,w20
Nfu_g_1_003545,0.027749336374083604,0.02385604296146337,0.022203444136710562,w20
Nfu_g_1_007229,0.027686247816941702,0.03775257673672239,0.027977652724212543,w20
Nfu_g_1_022323,0.027572863317816245,0.012297827009416973,0.022339950179549574,w20
Nfu_g_1_017242,0.02754925605898364,0.031913900175899186,0.02564329724205002,w20
Nfu_g_1_015756,0.027539655475740214,0.015609759937934863,0.024255635751567677,w10
Nfu_g_1_018293,0.027423776400002403,0.01697541888745233,0.020281161280308733,w20
Nfu_g_1_007190,0.027401705578371984,0.05205872815686163,0.03496245147186669,delta20minus10
Nfu_g_1_000696,0.027339434081551386,0.05957272394048871,0.04289338988967115,w20
Nfu_g_1_000973,0.02732644320769744,0.045520246665310404,0.037650129415487725,w20
Nfu_g_1_003414,0.02717553703816713,0.022555765187860028,0.020793085114917176,delta20minus10
Nfu_g_1_009634,0.027153774934655508,0.013387617913187187,0.02342795021350249,w10
Nfu_g_1_019013,0.027134522488840445,0.013969459997651762,0.020167966896786942,w20
Nfu_g_1_004604,0.027087895799244775,0.035304413413160124,0.026145797745971585,w20
Nfu_g_1_019524,0.027057395709778057,0.02652979435417701,0.021087595627811127,w20
Nfu_g_1_012894,0.027042451584872007,0.04514214330395495,0.0353313565802579,w10
Nfu_g_1_015658,0.027006710800836792,0.029266073559134617,0.023595029068669525,delta20minus10
Nfu_g_1_018670,0.026751375700656423,0.033938131523191806,0.026577896329965146,w10
Nfu_g_1_020392,0.026747706243678206,0.03479231039463422,0.025591039618351928,delta20minus10
Nfu_g_1_021289,0.026698895257479052,0.032558752104574235,0.026096229464684866,delta20minus10
Nfu_g_1_012626,0.026656328768734333,0.027758864003777094,0.021343370537226968,delta20minus10
Nfu_g_1_021609,0.02661546745265063,0.022452270107643058,0.02092830348107757,w20
Nfu_g_1_005570,0.026527158073164768,0.033368989712320475,0.026689307291454516,w20
Nfu_g_1_003628,0.026510870333669074,0.023733710253932717,0.019263296396510362,delta20minus10
Nfu_g_1_009838,0.026502800642810846,0.037323025840879494,0.026730963130146616,delta20minus10
Nfu_g_1_006734,0.02646833127015886,0.04118403203503823,0.02846514444611126,delta20minus10
Nfu_g_1_011393,0.026414680500440973,7.497736773601461e-4,0.022998387160139598,delta20minus10
Nfu_g_1_015861,0.026393034622588296,0.03468355469693301,0.02563735556497552,w20
Nfu_g_1_012732,0.026335597892669396,0.04039858777624172,0.029429973421523183,w20
Nfu_g_1_008486,0.02630085737055906,0.052527439463547584,0.036571203238616526,w20
Nfu_g_1_023370,0.02611054012672413,0.018907364426746558,0.017284348478786297,delta20minus10
Nfu_g_1_006266,0.025997123437283543,0.04240746217271098,0.02949223653886396,delta20minus10
Nfu_g_1_012056,0.025872044199431316,0.02758400158158068,0.021415547958221398,w10
Nfu_g_1_013360,0.0258272584497053,0.03591665133328531,0.029179768916134972,w10
Nfu_g_1_007641,0.025742791774767647,0.02130056351914218,0.02196144573134454,w20
Nfu_g_1_000944,0.025495040575787897,0.0029789388454980006,0.01899836115743372,w20
Nfu_g_1_025219,0.02547473234914998,0.02452377686879553,0.019253289506601056,w20
Nfu_g_1_020297,0.025453728582008037,0.04896175545303333,0.03370193620987935,w20
Nfu_g_1_016401,0.02544628698774306,0.05387393147011775,0.03684580715507924,w10
Nfu_g_1_014209,0.02521982834137019,0.043698212318698415,0.031035757116608737,delta20minus10
Nfu_g_1_006688,0.025197775788813607,0.027072580982581487,0.020915044714624745,w20
Nfu_g_1_023086,0.02517982813285948,0.037549660392687714,0.025378409924133767,delta20minus10
Nfu_g_1_013462,0.02513940914047561,0.009143771967844362,0.01790809300446548,delta20minus10
Nfu_g_1_001285,0.025128640894665478,0.028412823849407583,0.022323686761640562,delta20minus10
Nfu_g_1_010257,0.02508373827243227,0.030168877263944776,0.02057011308754599,w20
Nfu_g_1_010383,0.025076545269840395,0.07068930617340029,0.04932195094259738,w20
Nfu_g_1_007569,0.024931423815892435,0.04340674802111454,0.03102287736781695,delta20minus10
Nfu_g_1_017572,0.024929158167458512,0.04287358230843826,0.02873747737752229,w20
Nfu_g_1_006875,0.024871333363919182,0.01724229623769171,0.01966185352556528,w20
Nfu_g_1_014815,0.024866436116472893,0.028660274679198638,0.020529458329147213,w20
Nfu_g_1_012928,0.02477403944573636,0.05231618929744001,0.03790076065675515,w20
Nfu_g_1_009203,0.024715647956232278,0.0020021478851540327,0.02042791718299279,w20
Nfu_g_1_007115,0.0247073214746396,0.020292967969671658,0.019928823661373142,w20
Nfu_g_1_011614,0.024690206316420396,0.03908032070634685,0.034020376524551754,w10
Nfu_g_1_018039,0.02466357711782903,0.011189470070649302,0.01916669484054007,w20
Nfu_g_1_004073,0.02459133103466084,0.026957147103076548,0.0214393066441775,delta20minus10
Nfu_g_1_021172,0.02452807970295843,0.0338405675788978,0.02819192615480775,w20
Nfu_g_1_012743,0.024500403337958037,0.03232815469199601,0.02363447270710054,w20
Nfu_g_1_017222,0.024498872441546016,0.04974724783570084,0.0357063337758354,w20
Nfu_g_1_000355,0.024488223964371975,0.04007287723140586,0.03195119934700534,delta20minus10
Nfu_g_1_013495,0.02439531487087131,0.030180103741843628,0.025515829262342277,w20
Nfu_g_1_026130,0.024327801094122154,0.004774717981660026,0.018911021336913865,w20
Nfu_g_1_014694,0.024186399757923773,0.02373991058194135,0.021092157606226694,delta20minus10
Nfu_g_1_000847,0.02415414443977761,0.04191905622605412,0.034677515210227626,w20
Nfu_g_1_020288,0.02414945764832103,0.03319443047105824,0.024563319734703378,w20
Nfu_g_1_002602,0.024065847402641814,0.0057245024624603645,0.02157433649982006,delta20minus10
Nfu_g_1_020238,0.024049897437121954,0.03798372798926627,0.029095107644632415,w20
Nfu_g_1_008901,0.024037545608786445,0.04063853696346375,0.03283200718883729,w20
Nfu_g_1_009573,0.02400777825446646,0.01761490088730599,0.019326331777567183,w20
Nfu_g_1_001933,0.02397049013257488,0.03671661833318234,0.026635496134025445,delta20minus10
Nfu_g_1_017480,0.0239507554289311,0.0024181583972545536,0.01991010383215039,w10
Nfu_g_1_008443,0.023830894346486328,0.04881435554840025,0.036267134246917535,w20
Nfu_g_1_019499,0.023815832455243227,0.02818789100529476,0.02357575072442005,w20
Nfu_g_1_024320,0.02378311490782592,0.026977292957848325,0.020788839778555123,w10
Nfu_g_1_018176,0.023762629798619955,0.030010778029742186,0.021070255771222672,w20
Nfu_g_1_000249,0.02368713906821075,0.03325568496054503,0.024488075400997,w10
Nfu_g_1_004948,0.023614786542237046,0.06945852257784221,0.047525676218897146,w10
Nfu_g_1_007654,0.02356271253869202,0.021712250764600434,0.020165658502143222,w20
Nfu_g_1_022849,0.0235310273124298,0.053058314564672145,0.03747285594563191,w10
Nfu_g_1_013507,0.023360994261955786,0.0158316022828514,0.017212721553485667,w20
Nfu_g_1_005777,0.02327414729494089,0.00871152362972525,0.017139068464704435,w20
Nfu_g_1_017820,0.02326113146362367,0.026423013148253478,0.02115996675513682,w20
Nfu_g_1_000617,0.023180681619260447,0.03705800171625151,0.030504434925007266,w20
Nfu_g_1_001124,0.023159614142960243,0.024938928397954818,0.018666539201828303,w20
Nfu_g_1_001350,0.023154360315457007,0.03340889411196101,0.028834763296853368,w10
Nfu_g_1_020658,0.02315060327340053,0.036511130898804305,0.029305367084066943,delta20minus10
Nfu_g_1_003670,0.02308500487753942,0.028066996831160405,0.02020488080123563,delta20minus10
Nfu_g_1_013649,0.023075388310106807,0.041122294570961,0.029344022246371615,w20
Nfu_g_1_012037,0.023061699789796067,0.018521669385893325,0.01927081409386298,delta20minus10
Nfu_g_1_001669,0.022974127761075082,0.013499575889336224,0.01612059626039317,w10
Nfu_g_1_001060,0.02293262733172829,0.03059854184716851,0.025287687590153644,w10
Nfu_g_1_019866,0.022871045502754588,0.045694246229861867,0.03294956059790317,w20
Nfu_g_1_007990,0.02286118031168283,0.01608413559912239,0.016761300666025367,delta20minus10
Nfu_g_1_005594,0.02280536944464797,0.036029397571246444,0.02720909941117925,w20
Nfu_g_1_006299,0.022797519332488032,0.004532296596002271,0.016363436914674154,w10
Nfu_g_1_007434,0.022788021250222213,0.029324270791775544,0.02330031654842915,w20
Nfu_g_1_016552,0.022769137754776642,0.02864373972234505,0.021467807160001268,w20
Nfu_g_1_019445,0.022756023219115327,0.04676712580284417,0.03296725039091848,delta20minus10
Nfu_g_1_001389,0.02270987852288485,0.013721215279713176,0.017413494524547112,delta20minus10
Nfu_g_1_020379,0.022692767658657968,0.04356697194978886,0.03437170087662761,w20
Nfu_g_1_003779,0.02266360291091342,0.006165491760640552,0.019063928394036856,delta20minus10
Nfu_g_1_025760,0.022622014495990796,0.039336417612972616,0.028127227548000754,w20
Nfu_g_1_018970,0.022607515812091653,0.01754275037142262,0.020034665869243372,w10
Nfu_g_1_011786,0.02255331280364623,0.03243678285713114,0.022527097791682212,delta20minus10
Nfu_g_1_008038,0.022491131745452836,0.03675656499269659,0.028566160628929495,delta20minus10
Nfu_g_1_000928,0.022368385308020225,0.03546768524950288,0.024804594307160106,delta20minus10
Nfu_g_1_019312,0.02224138351641063,0.01961651917147036,0.01680770003593514,w20
Nfu_g_1_007730,0.0221327061504045,0.02132338398216013,0.019061188199755573,w20
Nfu_g_1_003723,0.022054522756499072,0.04608650321658244,0.03299545216246966,w10
Nfu_g_1_018282,0.021993369140078323,0.05015064288681718,0.03577838737646543,delta20minus10
Nfu_g_1_006417,0.02198096951981563,0.052578253390970046,0.03681209587680155,w10
Nfu_g_1_000939,0.021974022365494845,0.024600250105135293,0.01994721471143887,delta20minus10
Nfu_g_1_016716,0.021854052417594524,0.03771355231659777,0.02543134901994189,delta20minus10
Nfu_g_1_019572,0.021833049312485364,0.030779209918583853,0.025014864220596785,w10
Nfu_g_1_000413,0.021825285872426596,0.018161420675957572,0.015365220517959896,delta20minus10
Nfu_g_1_003954,0.02179461613689685,0.038877195743307384,0.031051922554327854,w20
Nfu_g_1_013936,0.021789451489245305,0.028453843066963764,0.02180493743115647,w10
Nfu_g_1_011212,0.021755531957818635,0.03073764955828457,0.021899187561648166,delta20minus10
Nfu_g_1_015771,0.021745148833106614,0.007220449361062597,0.017975987380926345,delta20minus10
Nfu_g_1_021215,0.021717618310300935,0.0185897351887815,0.017703112324489147,w10
Nfu_g_1_020239,0.021691424282505516,0.029419865934709213,0.020975907236248103,w10
Nfu_g_1_005316,0.021591799642957037,0.010333136624218022,0.01784509223650229,w10
Nfu_g_1_012517,0.021583824778707586,0.050294778478549795,0.03454144196285345,w20
Nfu_g_1_004570,0.02154525058269364,0.015438319840786356,0.01927686841522614,delta20minus10
Nfu_g_1_021241,0.021513880964357645,0.0455159479681341,0.034008164591016105,w20
Nfu_g_1_016223,0.021490332429792564,0.01719913747021584,0.015236529902852075,delta20minus10
Nfu_g_1_010940,0.021403428213818455,0.027915811572469234,0.02285674148836419,w20
Nfu_g_1_015903,0.02125822051538419,0.027175500647827523,0.018949805855350305,w20
Nfu_g_1_005665,0.02123609601579642,0.016322137029447428,0.015656683068724975,delta20minus10
Nfu_g_1_013645,0.021167687931473077,0.0345787818154411,0.027567179455493165,delta20minus10
Nfu_g_1_020919,0.021142209673837804,0.0564784348662945,0.04451784296069952,w20
Nfu_g_1_018182,0.021068779004875072,0.043154688216564895,0.03017757832061434,w10
Nfu_g_1_016253,0.021016030156773616,0.022296292536613485,0.017366870130923587,delta20minus10
Nfu_g_1_004534,0.021005286450995714,0.02483925924756401,0.016858378892616082,w20
Nfu_g_1_005613,0.020876992265203707,0.04095619911604463,0.03634200159953,delta20minus10
Nfu_g_1_008821,0.02085800132883304,0.02671930833940992,0.0194539367785585,w20
Nfu_g_1_019680,0.020778084508200255,0.03681988396400309,0.025829658732771148,w20
Nfu_g_1_020605,0.020773397915595907,0.04294814044867552,0.033322803072351755,delta20minus10
Nfu_g_1_013565,0.020725280579720808,0.02752016468905403,0.02053077967201745,w10
Nfu_g_1_020634,0.02071420804587635,0.019674549930109548,0.01777892960387369,delta20minus10
Nfu_g_1_007752,0.02062081874643656,0.023970706526380336,0.020917432135506505,delta20minus10
Nfu_g_1_008355,0.020572966291535044,0.034954795501991626,0.027603001120942022,delta20minus10
Nfu_g_1_020189,0.02052065532525117,0.03234319140171012,0.025681452332305624,w20
Nfu_g_1_003731,0.020492166495702423,0.031085642299392906,0.02261705490272621,w20
Nfu_g_1_020000,0.020359368719014108,0.0262443670364664,0.019030057042702758,w10
Nfu_g_1_013352,0.020352808013782312,0.06481021937012746,0.05138122459275914,delta20minus10
Nfu_g_1_003608,0.020348707450081983,0.04628203462598782,0.03333123623786092,delta20minus10
Nfu_g_1_000368,0.020284719377956843,0.033598927496271205,0.02717212987082386,w20
Nfu_g_1_020281,0.0202334327125401,0.017955001696986786,0.016745240345410715,w20
Nfu_g_1_014732,0.02016927232792227,0.040233456727531605,0.03050712733507579,delta20minus10
Nfu_g_1_017299,0.020149557546543836,0.02255831255239888,0.019331668807795837,w20
Nfu_g_1_005580,0.02014321132809777,0.0383127639900422,0.02827555642123017,w20
Nfu_g_1_011978,0.02004877508740225,0.002867639009941556,0.016151585026890725,delta20minus10
Nfu_g_1_013596,0.019971361347546412,0.02245001613839218,0.015834300197746384,w20
Nfu_g_1_003429,0.019957308322963465,0.044728080054286114,0.036779102804886755,w10
Nfu_g_1_007286,0.01994660482132072,0.023962886470101762,0.01841546845414185,w10
Nfu_g_1_003842,0.01992399659956376,0.06620483846768725,0.04869249203181379,delta20minus10
Nfu_g_1_015217,0.019861149955382934,0.05056177322193593,0.03674705544974775,w10
Nfu_g_1_020285,0.019693404073214876,0.0024690852437730003,0.013946870325991328,w10
Nfu_g_1_001607,0.019668929039213107,0.030567143749540334,0.025868380063056463,w10
Nfu_g_1_004830,0.019594611368565662,0.023111407247542605,0.01966337989528406,w20
Nfu_g_1_012103,0.019547393425482267,0.03129566553046952,0.024614035876489557,delta20minus10
Nfu_g_1_009685,0.01941467888037477,0.02015052651097219,0.01538527677439735,w20
Nfu_g_1_001458,0.01935177484062686,0.017385456496407478,0.0167089180510611,w20
Nfu_g_1_003800,0.019311261564229007,0.06865577631285685,0.05060149414114624,delta20minus10
Nfu_g_1_013332,0.019296002580965376,0.02078477527425107,0.015961968339457924,delta20minus10
Nfu_g_1_021198,0.01922514811805536,0.030472710305864206,0.021534713550187462,delta20minus10
Nfu_g_1_000564,0.01920237370466357,0.03938854298217143,0.029076724520035423,w20
Nfu_g_1_019437,0.01908113410045251,0.004693218043921597,0.016619052099358895,delta20minus10
Nfu_g_1_016280,0.019036703825094422,0.03759472638728338,0.028403070679796912,w10
Nfu_g_1_023024,0.019002843964003688,0.012055738314027408,0.015782450222703182,w20
Nfu_g_1_022799,0.018893180562496985,0.06221034376070752,0.04254169989341743,delta20minus10
Nfu_g_1_022915,0.018848176482974387,0.04610154237597294,0.038608484608721384,w20
Nfu_g_1_018435,0.018830405947129095,0.037325585960000414,0.027288175462734987,w10
Nfu_g_1_020166,0.01876688559072808,0.017543056295549454,0.013137427225502674,w20
Nfu_g_1_016847,0.01873373886362677,0.0201342528063591,0.01665988375438779,w10
Nfu_g_1_024752,0.01872227009877103,0.03434105896707775,0.024639588859742635,delta20minus10
Nfu_g_1_005635,0.018702703590641807,0.031422197200044445,0.024184815036835488,w20
Nfu_g_1_016072,0.018697999610837828,0.025331565747341016,0.019248528140797957,w10
Nfu_g_1_019533,0.018647041212714703,0.03949510214834436,0.028706975063476328,w20
Nfu_g_1_019829,0.018611729477468458,0.024629183325037027,0.020268854061934384,delta20minus10
Nfu_g_1_009166,0.018579058038669667,0.04032673404937511,0.032550427685064984,w20
Nfu_g_1_019655,0.01853465897439925,0.040750639453447396,0.030463810255412657,w20
Nfu_g_1_005595,0.01852672425067302,0.02471748724980446,0.019147667596096648,delta20minus10
Nfu_g_1_010782,0.01850450596402861,0.027580941859619276,0.01890029168473131,w10
Nfu_g_1_016190,0.01844060881809121,0.02727001317470646,0.021000495821300192,delta20minus10
Nfu_g_1_007974,0.018374406458738935,0.024786952596900814,0.02144879770356497,delta20minus10
Nfu_g_1_010476,0.018342760208864033,0.029693703659792247,0.023369310064812583,w20
Nfu_g_1_012780,0.018285348145977248,0.03461931276886164,0.025006423156278143,w10
Nfu_g_1_016314,0.0182535249043322,0.024352934832801827,0.016194293277333925,delta20minus10
Nfu_g_1_012447,0.018193800378885933,0.009968837524002076,0.016867333109811852,delta20minus10
Nfu_g_1_016052,0.01813248417017553,0.022028842571201402,0.016052749839276383,w10
Nfu_g_1_010210,0.01793104510854191,0.0068933120623572465,0.013826790115814731,delta20minus10
Nfu_g_1_025443,0.01790420613660543,0.03366122484839586,0.024597605535106124,w20
Nfu_g_1_020420,0.0178725011090384,0.061168964283946685,0.04211208342678219,delta20minus10
Nfu_g_1_000192,0.017846988994428842,0.026591955896330746,0.018928108820596173,w20
Nfu_g_1_008349,0.017841830107216024,0.03800677285664268,0.026131250560770897,w20
Nfu_g_1_015803,0.01772829859633226,0.01604737333078757,0.01277358927638256,delta20minus10
Nfu_g_1_016225,0.01768749959972051,0.05585879057576999,0.03880801885235218,w10
Nfu_g_1_007949,0.017673386741826995,0.03559395868154277,0.030060617714997233,w20
Nfu_g_1_014214,0.017652882878163117,0.029430892908222216,0.020965584138488425,delta20minus10
Nfu_g_1_006804,0.01764356928359261,0.022762637240117314,0.019300074786114924,w20
Nfu_g_1_017201,0.017534789350244783,0.008900796806730187,0.012308907416938084,w20
Nfu_g_1_012274,0.017523990879119163,0.03693119387124865,0.02801230094145744,delta20minus10
Nfu_g_1_020330,0.017518299273749163,0.03396064250524443,0.023290648412052015,w20
Nfu_g_1_013008,0.017495504972921922,0.03600113856997841,0.027178521290845036,delta20minus10
Nfu_g_1_014186,0.017438078745597555,0.056432508038620134,0.03878605442619612,delta20minus10
Nfu_g_1_017045,0.017324957717639602,0.02639471243774789,0.01991948934134738,w20
Nfu_g_1_008351,0.01728862767223494,0.02111164283922663,0.01759701009595294,delta20minus10
Nfu_g_1_003728,0.017260958841630016,0.01814177362788475,0.014672996616459454,w10
Nfu_g_1_022233,0.017237953895174157,0.011585859330600985,0.012965435996430987,w10
Nfu_g_1_015991,0.017170295320129817,0.021369063045493603,0.018152932322980996,w10
Nfu_g_1_003618,0.01711871517477052,0.03134785751035654,0.025394700553343797,w20
Nfu_g_1_006442,0.017098146265203923,0.009410396361262596,0.011644437254589328,w20
Nfu_g_1_006127,0.017075081175980462,0.026875173568966525,0.020515080288253183,w20
Nfu_g_1_000084,0.01701120092636453,0.034929659831534315,0.028758484521727495,delta20minus10
Nfu_g_1_010282,0.017002791217740166,0.02251742952133473,0.017451407280533432,w20
Nfu_g_1_014123,0.017000611120727368,0.02226495934235186,0.017225702649973536,w10
Nfu_g_1_000148,0.016974312875270528,0.011838232421159325,0.012376904788105256,w20
Nfu_g_1_000326,0.016957524563198375,0.017215862716306703,0.014380942724583482,delta20minus10
Nfu_g_1_007259,0.016864413612077165,0.033174763820048685,0.022915855915307558,delta20minus10
Nfu_g_1_005611,0.0168537401518059,0.013917273978602417,0.011691366983141398,w10
Nfu_g_1_014857,0.01671876133887225,0.030112500994455053,0.021628643455446444,w20
Nfu_g_1_001318,0.016699979444483905,0.04369431736626473,0.031031601317158472,w10
Nfu_g_1_004995,0.016699172181129023,0.02340403805891208,0.01830198714871838,w20
Nfu_g_1_012109,0.01665334669340929,0.010487380880420073,0.013793604707763451,w10
Nfu_g_1_012354,0.016611389675653843,0.046016475403220986,0.03321327580135977,w10
Nfu_g_1_001135,0.01651017638944596,0.016741655728064745,0.013245162806175258,w20
Nfu_g_1_000590,0.01649622109620502,0.023286323486853503,0.01770826058065157,w10
Nfu_g_1_020273,0.016475296045187243,0.055920015974712016,0.041249028870028424,delta20minus10
Nfu_g_1_009161,0.016460721350889027,0.04160000835137137,0.0289932396067902,w20
Nfu_g_1_008423,0.016402954981201576,0.015925557720501148,0.011851753538694469,delta20minus10
Nfu_g_1_018389,0.016364216744948784,0.030152423477688733,0.02385441253998573,delta20minus10
Nfu_g_1_009502,0.01633795018021809,0.03396610057929289,0.026267824828284537,delta20minus10
Nfu_g_1_012576,0.016328348034687818,0.04215854168806003,0.0315217158105119,w20
Nfu_g_1_023427,0.016317198033324928,0.044398164194288034,0.03136464687456273,w10
Nfu_g_1_002229,0.01627408111244856,0.028256961833067053,0.023422038539896113,delta20minus10
Nfu_g_1_018844,0.01624655617047753,0.04013707952038684,0.028534014154580265,w10
Nfu_g_1_002217,0.016234211858834637,0.03775812152875532,0.02688226455392278,delta20minus10
Nfu_g_1_024976,0.01623303934471482,0.028554361431480445,0.02115287014088241,delta20minus10
Nfu_g_1_013975,0.016165182589726924,0.03127600606923799,0.02166316379349531,w10
Nfu_g_1_010259,0.016126391585421868,0.016649816330643677,0.014478954411708808,w20
Nfu_g_1_001046,0.016071051398864968,0.025110695583907397,0.019274695589135502,w10
Nfu_g_1_000727,0.016054094036017905,0.01873743617083614,0.014162391588866076,w20
Nfu_g_1_021913,0.016019599768850753,0.01452592131827032,0.01331105694250924,w10
Nfu_g_1_006053,0.015879094902063313,0.006326250683725871,0.013319036979114348,w20
Nfu_g_1_010229,0.01586854003429342,0.035186226368674446,0.02507740623388433,w20
Nfu_g_1_011693,0.015846262040536355,0.029869838276082472,0.025033225656139742,w20
Nfu_g_1_016432,0.015773684888276688,0.021361329409596046,0.015870142510198706,delta20minus10
Nfu_g_1_001586,0.015664551516460675,0.017214638750095008,0.013578852534959829,delta20minus10
Nfu_g_1_004903,0.0155901268992974,0.0239756299494779,0.01854517600102311,w10
Nfu_g_1_001045,0.015544891337101786,0.0404839749725131,0.028182697823362433,delta20minus10
Nfu_g_1_001384,0.015540330535238078,0.04080897349207329,0.031178867680665884,w10
Nfu_g_1_019352,0.01552512890020423,0.0202749552450648,0.01622857424845935,delta20minus10
Nfu_g_1_012545,0.015406183877258152,0.029989138718337707,0.023326415258451843,delta20minus10
Nfu_g_1_014762,0.015168330937908314,0.00980415046238207,0.012641814971734774,w20
Nfu_g_1_005188,0.015156690827642663,0.04125188206829185,0.03306302782615624,delta20minus10
Nfu_g_1_001852,0.015130904818405875,0.03417569680676988,0.02549385545829095,w10
Nfu_g_1_015645,0.015089966642306045,0.03189328043899772,0.025436858029294258,w10
Nfu_g_1_025223,0.015003156263913619,0.013752085272705787,0.010566318967572668,w10
Nfu_g_1_005292,0.014992241603465477,0.023277532860644705,0.017886471240078642,w20
Nfu_g_1_017186,0.014976688694546778,0.015414895675573926,0.012651977294047842,w20
Nfu_g_1_001128,0.014976335552172535,0.03331456478096718,0.02337250960411231,w20
Nfu_g_1_016946,0.01488576798204075,0.016737705478549553,0.011979195072339905,w10
Nfu_g_1_003918,0.01485151514621372,0.03300928013905988,0.02812879888801557,w10
Nfu_g_1_011062,0.01481944828682258,0.02907987175532691,0.021593455726878017,w10
Nfu_g_1_022232,0.014782293930505482,0.013781946735134946,0.012247009120111414,w10
Nfu_g_1_016064,0.014771462897779065,0.026935979599193527,0.01932657393898792,delta20minus10
Nfu_g_1_012785,0.01474127987785549,0.04857967765001479,0.037556534245583875,w20
Nfu_g_1_024366,0.014720863006859939,0.03624473719895523,0.025862971498115696,w20
Nfu_g_1_005157,0.014680758260983653,0.015583181810009778,0.012379680824826862,w20
Nfu_g_1_018996,0.014672913518956075,0.029163007201860443,0.02215463849134213,w20
Nfu_g_1_000489,0.014669853120453798,0.05307688264918517,0.04083129847666467,w10
Nfu_g_1_016810,0.014623599400366527,0.03623630685996821,0.028786736117631224,w20
Nfu_g_1_009523,0.014598972147645533,0.0180285348602031,0.014459498932881362,w10
Nfu_g_1_003622,0.014566209055503458,0.022142437226346384,0.017884135315239438,w20
Nfu_g_1_009581,0.014530340455388252,0.020469521664289208,0.017884509734626984,delta20minus10
Nfu_g_1_020053,0.014518800965608118,0.05802203332158462,0.04031725516037833,w10
Nfu_g_1_022259,0.014464906609657142,0.020681883742516664,0.014520324803458676,w10
Nfu_g_1_012769,0.014428383549680228,0.042438471282825914,0.029824739124621004,w20
Nfu_g_1_011546,0.01439365499684391,0.00900641489424052,0.010782942971121406,w20
Nfu_g_1_007410,0.014393648606316124,0.02938475902983334,0.02505572457592707,w10
Nfu_g_1_008825,0.014345426967877615,0.05402204075530274,0.03833862004358063,w20
Nfu_g_1_018744,0.014345019921804283,0.014311909923719309,0.012531029733651505,w10
Nfu_g_1_001579,0.014339971892515128,0.02605461608920818,0.022042915698410513,w10
Nfu_g_1_019178,0.014337028943092243,0.04583583488943802,0.03454664003434275,w10
Nfu_g_1_000160,0.014289688925515796,0.027279095189995748,0.020690278045596523,delta20minus10
Nfu_g_1_001708,0.014213084925952633,0.04799999006526632,0.032429998815880275,delta20minus10
Nfu_g_1_004044,0.014206024908333698,0.032544828016535264,0.028752047590504357,delta20minus10
Nfu_g_1_007123,0.014044010298818844,0.031328374643261644,0.022709990562472148,delta20minus10
Nfu_g_1_021341,0.014036222669976494,0.02708453973878976,0.020153681375387613,w20
Nfu_g_1_014679,0.013935584199531366,0.0508028564736095,0.035168807048760055,w10
Nfu_g_1_022192,0.013790656722855673,0.03305440596487682,0.02335360863280387,delta20minus10
Nfu_g_1_014050,0.013774938101480517,0.026562661593763064,0.021174419613741134,w10
Nfu_g_1_008743,0.013739747826806772,0.038979701028829805,0.02814062832735233,w10
Nfu_g_1_023503,0.013719060215630864,0.022978899939585587,0.017164071416094374,w20
Nfu_g_1_015801,0.013634114002964083,0.028073882145215317,0.02075872170899817,delta20minus10
Nfu_g_1_006258,0.013598518806134594,0.03787410271988797,0.027354931500885377,w10
Nfu_g_1_003876,0.013550828198783055,0.015605119271964561,0.012588702168232218,w20
Nfu_g_1_020701,0.013518151302582543,0.033470267875527496,0.029351764070974246,w10
Nfu_g_1_017665,0.013494303093888962,0.02014627578691973,0.016161561784377616,w20
Nfu_g_1_009048,0.013486590998386488,0.034811924805514406,0.029235074359750812,w20
Nfu_g_1_011842,0.013485058760073188,0.01156746095720002,0.011578903465813141,w20
Nfu_g_1_010386,0.013462309027504738,0.03454689761596202,0.024504253586159652,w10
Nfu_g_1_014840,0.013438040969671864,0.024371590106049026,0.01904511947105301,w10
Nfu_g_1_013384,0.013404801498899749,0.03440761261224977,0.024421377882707884,w20
Nfu_g_1_005555,0.013389825144689985,0.0414801456530807,0.03507603281022287,delta20minus10
Nfu_g_1_023602,0.013349403076541777,0.037068468124776974,0.02773407813470838,w10
Nfu_g_1_010611,0.013342653528926548,0.05196664126928511,0.035756271695661195,w10
Nfu_g_1_016031,0.013267208677990486,0.028137003770820415,0.02155847468293321,w10
Nfu_g_1_012761,0.013260040348029349,0.03455460714158028,0.02455454662761435,w20
Nfu_g_1_012235,0.013259771748249575,0.03786028617788287,0.02824555305768302,delta20minus10
Nfu_g_1_002488,0.013180500670617323,0.035039057615699226,0.028266997479717122,w10
Nfu_g_1_017037,0.013180200106803657,0.02048266678765038,0.0162384801144418,w20
Nfu_g_1_004503,0.013069065451118852,0.029555977154701842,0.02372666760491497,w10
Nfu_g_1_019742,0.013065834033306767,0.03440247116153576,0.029165481487117142,delta20minus10
Nfu_g_1_020436,0.013017942979331273,0.04514744679594523,0.031430538339969685,delta20minus10
Nfu_g_1_010492,0.012975206461832575,0.043684735278624216,0.03501610784187013,w20
Nfu_g_1_013160,0.012903794837836371,0.018105219313997608,0.015521812831131004,w20
Nfu_g_1_020977,0.012879226506601733,0.04933557190150962,0.034791702355545205,delta20minus10
Nfu_g_1_014650,0.012820582092760869,0.04172397214090249,0.03993948718495096,w10
Nfu_g_1_008045,0.012715739399397316,0.027412676191817868,0.018945391349328877,w10
Nfu_g_1_004690,0.012671290964774075,0.056290921242656104,0.042185908709298295,w20
Nfu_g_1_012123,0.012658374037639782,0.03627561712598218,0.03399973859476597,delta20minus10
Nfu_g_1_021401,0.012656427843991222,0.024385572735016497,0.017060038147048987,w10
Nfu_g_1_016461,0.012609100128781685,0.01658877788977432,0.011519380874655425,w10
Nfu_g_1_001872,0.012575020567195847,0.039956000497829866,0.03411788869194587,w20
Nfu_g_1_007450,0.01253316728797775,0.03534717631049982,0.02572876990070758,w20
Nfu_g_1_000863,0.012526915270475746,0.020695921116221757,0.018784293053281567,w10
Nfu_g_1_018304,0.012520602570778055,0.01983397640863259,0.015135653943223798,w10
Nfu_g_1_011637,0.012454882789353559,0.03291139265377055,0.023795620764025176,w10
Nfu_g_1_023337,0.012349939156970824,0.0305697469470722,0.02497711506896829,w20
Nfu_g_1_020685,0.012316644558860182,0.011261349251200932,0.0096722665344256345,delta20minus10
Nfu_g_1_011741,0.012308297148922325,0.04451930413211087,0.0326710094372155,delta20minus10
Nfu_g_1_014733,0.012253171440517774,0.035312864341560925,0.025491696163105673,w10
Nfu_g_1_003418,0.012213693557347633,0.012277470700497136,0.009339190693201745,w10
Nfu_g_1_002693,0.012181455769868687,0.02478908927412881,0.019310361180845663,delta20minus10
Nfu_g_1_004129,0.012159115251876464,0.03648124759514292,0.03083923416225666,w20
Nfu_g_1_002141,0.012106133660560977,0.03499881876744167,0.024529168295914408,w20
Nfu_g_1_011108,0.012088507255169561,0.03620086245027905,0.028358763192786608,w20
Nfu_g_1_002893,0.012081424709024088,0.027215381416377412,0.021662675010668538,delta20minus10
Nfu_g_1_015018,0.012057963106785322,0.014123983231623992,0.011037086418630937,w20
Nfu_g_1_019372,0.012052049039531682,0.02000917256384623,0.015904795068289557,w20
Nfu_g_1_002069,0.012047646748016285,0.022010956834030995,0.018597257898248017,w10
Nfu_g_1_014301,0.012019975656628469,0.025393846403734655,0.020298746898541237,w10
Nfu_g_1_014120,0.012007957684434384,0.00592572096992412,0.00992497749187922,delta20minus10
Nfu_g_1_021881,0.011970895329696264,0.020209436605027616,0.015106696109256123,delta20minus10
Nfu_g_1_003045,0.011953650890873052,0.04474150366492112,0.03173427365314529,w10
Nfu_g_1_013172,0.011946249559093135,0.01308492413060649,0.009018872855303691,w20
Nfu_g_1_009623,0.01184782105840572,0.03548220002299715,0.02669824259399165,w10
Nfu_g_1_007121,0.011836611698383773,0.04424237580945798,0.03324734665308508,w10
Nfu_g_1_020244,0.011772205885366737,0.03322846335205149,0.0229872066129414,w20
Nfu_g_1_000257,0.011693340474891517,0.04018047065628956,0.032785312060881096,w10
Nfu_g_1_006712,0.011662709225678426,0.022877748349160183,0.019435852643225983,w10
Nfu_g_1_002385,0.011637434365647131,0.020992509491782663,0.015978548486706677,w20
Nfu_g_1_010543,0.011625745834852408,0.029019796307481867,0.01984687382688167,w10
Nfu_g_1_004472,0.011611836061901219,0.002762071526730509,0.009512797193313556,w10
Nfu_g_1_011216,0.011562032114248196,0.00533557782729862,0.009292496815370518,w20
Nfu_g_1_012399,0.011545306095303678,0.05496638544715281,0.036935067734489735,delta20minus10
Nfu_g_1_008353,0.011492567986820919,0.02855856254491562,0.021014681243343162,w10
Nfu_g_1_002617,0.01148487158828114,0.028223100128005853,0.023070203586300516,w10
Nfu_g_1_008662,0.011382822788997866,0.01785106741074452,0.015082087241230863,w20
Nfu_g_1_002725,0.011382369398883664,0.039167923195015865,0.03382969739539834,w10
Nfu_g_1_019177,0.011108524704169377,0.03123203383252407,0.02320645158380262,w20
Nfu_g_1_002694,0.011097838970724772,0.012324353511320472,0.009817433793645471,delta20minus10
Nfu_g_1_009059,0.011071568691509045,0.01995557311333256,0.014645804572069723,delta20minus10
Nfu_g_1_013472,0.011049546342234129,0.028199391708065222,0.02302780709641706,w10
Nfu_g_1_017039,0.011042533529611777,0.014442192951102793,0.011247414806315153,w20
Nfu_g_1_013301,0.010930703688261384,0.021300169363109904,0.018135860502531544,w10
Nfu_g_1_007032,0.010911804398149967,0.04680446026986487,0.033971966421681245,w10
Nfu_g_1_023039,0.01085986953660106,0.06167210429390719,0.04442114045674824,w20
Nfu_g_1_009223,0.010799529112670693,0.028591010740610875,0.027349127380566416,w20
Nfu_g_1_022521,0.010744305986280489,0.029999600559659906,0.023133939570979183,delta20minus10
Nfu_g_1_003899,0.010724160041544873,0.020177676156867476,0.017253838581321984,w10
Nfu_g_1_003677,0.010704015654319768,0.03142015249111574,0.022341194510159066,delta20minus10
Nfu_g_1_014525,0.010601279150194404,0.047034363087038296,0.03846408817332151,w20
Nfu_g_1_012120,0.01057790418854646,0.030314383366578698,0.022788680285834535,w20
Nfu_g_1_001305,0.010562985238001577,0.025088499411658676,0.019791605306432265,delta20minus10
Nfu_g_1_003892,0.010505745571768752,0.05624687060154744,0.043180237008281296,w10
Nfu_g_1_019155,0.010488911641339686,0.022164597050164787,0.01816379509438582,delta20minus10
Nfu_g_1_005655,0.010376984072012834,0.013067701587592486,0.011091517343128158,w20
Nfu_g_1_018967,0.010357259616710966,0.021424094294714965,0.017238532268189163,w20
Nfu_g_1_005075,0.0103396333262779,0.03634748036347795,0.029580162476029674,w20
Nfu_g_1_020871,0.010298416837137876,0.026984095719345895,0.019460071367461137,w10
Nfu_g_1_008950,0.010252089872831651,0.03144489737616028,0.022251527261517096,w10
Nfu_g_1_003090,0.010246503746438155,0.018321726435244934,0.014369676286681789,delta20minus10
Nfu_g_1_008205,0.010170838744869938,0.045952869891357245,0.035279743851940035,w10
Nfu_g_1_019864,0.010151711396701955,0.025064083515206018,0.019162809599082377,w20
Nfu_g_1_023447,0.010056274597319394,0.03767232425829214,0.02930503834518223,w10
Nfu_g_1_009574,0.009966529474236159,0.024582260998133782,0.022406939033063743,delta20minus10
Nfu_g_1_002182,0.009956302976434094,0.013496885061837669,0.01018427703262127,w10
Nfu_g_1_003790,0.009818317262537679,0.05124191195815309,0.038065784294329726,w10
Nfu_g_1_021928,0.009807735574623519,0.01591827040265908,0.011871374210543592,w20
Nfu_g_1_014618,0.009780802109107848,0.018919296061228656,0.015557854276467421,delta20minus10
Nfu_g_1_007726,0.009766815275542596,0.046653326509837924,0.037072410989041044,w20
Nfu_g_1_008128,0.009759681050281466,0.02062002857630419,0.016088388447631444,w20
Nfu_g_1_009077,0.009746141340701689,0.03940617797595647,0.027115674020308286,w10
Nfu_g_1_017347,0.009628888488823088,0.03409611078899,0.023104568227234227,w20
Nfu_g_1_016672,0.00950025702412436,0.022610166592727278,0.019820019617384377,w20
Nfu_g_1_012308,0.0094999389067281,0.043863517175704185,0.033872124030597354,w20
Nfu_g_1_017699,0.009482196379131929,0.01906065346770847,0.015278643753568022,w10
Nfu_g_1_021660,0.009291267030019763,0.015066716800391932,0.010555331918105296,delta20minus10
Nfu_g_1_008078,0.009229280477548483,0.02892057145736129,0.022550517898224244,delta20minus10
Nfu_g_1_018302,0.0092283890101855209,0.01583374649856111,0.0108693146737571,delta20minus10
Nfu_g_1_012105,0.009145479883869505,0.012325740107609003,0.009946951505222667,delta20minus10
Nfu_g_1_007811,0.009139038249717546,0.005954871343986225,0.007199147818295113,w20
Nfu_g_1_008479,0.009123379781213282,0.024876313352071827,0.019742391345820398,w10
Nfu_g_1_010041,0.008856634136176607,0.012443609144107155,0.009929582660603857,w20
Nfu_g_1_004235,0.008842207393719147,0.02785891877879168,0.022250894445788927,delta20minus10
Nfu_g_1_017793,0.008814047075993075,0.01258978368160394,0.010829352174007078,w10
Nfu_g_1_008919,0.008684687691006696,0.014690884498270487,0.011647122085763255,w20
Nfu_g_1_006779,0.008665060606105533,0.024018000519143094,0.020099322688706362,delta20minus10
Nfu_g_1_004709,0.008663522392975825,0.049613168161574094,0.03668314321786481,w10
Nfu_g_1_002380,0.008655341127600398,0.029519784961691598,0.019584094462425802,w20
Nfu_g_1_010003,0.008643159099559972,0.010481742198166505,0.008720823251455902,w10
Nfu_g_1_002766,0.008541929594422005,0.012186173732170727,0.011575113774580611,delta20minus10
Nfu_g_1_020206,0.00853495527404509,0.05654449030848149,0.04051203907685342,w10
Nfu_g_1_018537,0.008407240404679077,0.02907169591351482,0.02586138967835164,w20
Nfu_g_1_024929,0.008400902588825374,0.020581604150137815,0.016040869869634745,w20
Nfu_g_1_014488,0.008350545939838677,0.05681928725402667,0.041061642180249394,w10
Nfu_g_1_007464,0.008330055161997639,0.005980788322546246,0.006887930896765559,w20
Nfu_g_1_017979,0.00832987381417802,0.023871363748282123,0.016868173296025902,delta20minus10
Nfu_g_1_018032,0.008235423198428115,0.035867621701938676,0.026437631997578648,w10
Nfu_g_1_014630,0.008115294461479638,0.032692165671100386,0.02222677242838531,w10
Nfu_g_1_014227,0.008073371712395725,0.02454396105318344,0.018048777626857023,w10
Nfu_g_1_001131,0.008029580375440468,0.016832411238786614,0.012618874835917821,w10
Nfu_g_1_018033,0.00795706616847903,0.0310509628674195,0.02519461528473548,delta20minus10
Nfu_g_1_004382,0.007914617021056959,0.03413497630843478,0.030477164069507647,w20
Nfu_g_1_018030,0.007870922990670076,0.040789191541777986,0.031698599983096196,delta20minus10
Nfu_g_1_002271,0.007793729153532726,0.022377530118222355,0.014779418041059884,w20
Nfu_g_1_016141,0.007783896744660503,0.020048489464226923,0.01644061843820933,delta20minus10
Nfu_g_1_016549,0.007777625829501847,0.025641343468092916,0.021707737644944724,delta20minus10
Nfu_g_1_005571,0.0076227835062858485,0.027611840503570514,0.022533908605679095,w10
Nfu_g_1_004866,0.007597233701270077,0.036911531192266755,0.03155810138905603,delta20minus10
Nfu_g_1_017159,0.0075663112689244,0.037446769020425215,0.02811775976152402,w10
Nfu_g_1_003364,0.007519495954487456,0.028707540173286646,0.021351179914429665,w20
Nfu_g_1_020409,0.007511049076182777,0.016337579125222598,0.011774669186119047,delta20minus10
Nfu_g_1_009526,0.0074310110533108795,0.016360398249608988,0.011433428755935818,w10
Nfu_g_1_020096,0.007329576061234326,0.00904825801690993,0.006509109377659032,w20
Nfu_g_1_015349,0.007266438904562113,0.008888765675666576,0.007246058355940944,w20
Nfu_g_1_002673,0.007258060401136683,0.024310280058872948,0.017420583194693178,w20
Nfu_g_1_007371,0.007160721080754521,0.02487856970295273,0.01968799164844224,delta20minus10
Nfu_g_1_008171,0.007126358979859857,0.056610589075667364,0.040042845584129176,delta20minus10
Nfu_g_1_010901,0.007080859912349808,0.031060818042850685,0.024207224026974165,delta20minus10
Nfu_g_1_018209,0.007049930361647427,0.013893421776394695,0.011051349480721635,w10
Nfu_g_1_006302,0.006912502791232201,0.053258023061377766,0.037034372224022026,w10
Nfu_g_1_009595,0.0069026165838820324,0.054672371968703774,0.03759872730850351,delta20minus10
Nfu_g_1_008156,0.006853366310386287,0.01720082314579699,0.012488189419505243,delta20minus10
Nfu_g_1_007760,0.006806103210019226,0.01590808492085417,0.01141074544596132,delta20minus10
Nfu_g_1_019343,0.006732465780381774,0.05905252771860926,0.04629480334732245,w20
Nfu_g_1_016063,0.006688962381117504,0.04590804739238162,0.032379528443559284,w10
Nfu_g_1_002534,0.006542218273999938,0.0655271441591589,0.04468380963748499,w10
Nfu_g_1_002549,0.0064731637943062975,0.04853736918051339,0.03397185453605744,w20
Nfu_g_1_007162,0.00638347963240557,0.010512963558326621,0.008535632199427646,w10
Nfu_g_1_007415,0.006355252015312902,0.008333563685094048,0.0063227450155749305,w20
Nfu_g_1_002049,0.006300554513509654,0.025526792333665407,0.02128729173702011,delta20minus10
Nfu_g_1_014228,0.0062647780695254335,0.019909704287828924,0.01468596053055636,w10
Nfu_g_1_023069,0.006257138060536735,0.022252235998836665,0.0205585324680876,w20
Nfu_g_1_019685,0.006252050705791047,0.018082418003055607,0.015243207507508254,w10
Nfu_g_1_000088,0.006206265275630312,0.014154233371463133,0.010275379990242249,w10
Nfu_g_1_001098,0.006073358524477525,0.05085084406682154,0.039330429130879634,w10
Nfu_g_1_018753,0.006067498018600592,0.013879591277339433,0.01006433501660087,delta20minus10
Nfu_g_1_002142,0.006037958118441055,0.012642721731493674,0.009388972882145828,w10
Nfu_g_1_005047,0.006035211472219497,0.04847013279317168,0.034497042240322566,w10
Nfu_g_1_022606,0.0059329698771430255,0.027654972090822235,0.019858428442717225,w10
Nfu_g_1_004418,0.005817361186409925,0.02723549624360692,0.020630999590087674,delta20minus10
Nfu_g_1_018783,0.0057779383429161935,0.06145255831879364,0.04394675290383558,w10
Nfu_g_1_023260,0.005584859687767546,0.04408882815860439,0.032274990713685454,w20
Nfu_g_1_001170,0.005545687155081617,0.05295729294016465,0.04209824833510468,w10
Nfu_g_1_001021,0.005501326135227467,0.00915067477271102,0.007280328278248762,w10
Nfu_g_1_015859,0.005410546564376973,0.03965031716303681,0.03283771177466871,w20
Nfu_g_1_002181,0.005379469667520403,0.019296934926986326,0.014866457767544116,delta20minus10
Nfu_g_1_008199,0.005304209959269922,0.007084529365125588,0.005193162195333773,w20
Nfu_g_1_014174,0.005125803821259066,0.027185164483043273,0.01959306447815055,delta20minus10
Nfu_g_1_008566,0.005088814864763438,0.02239297869624438,0.01796897039570957,delta20minus10
Nfu_g_1_018858,0.00505626232298736,0.058458087323079784,0.04817410935110488,w20
Nfu_g_1_012737,0.004981896351077486,0.02379796974472588,0.017084989883511127,w10
Nfu_g_1_014318,0.004936621997138706,0.02233123995486171,0.01617088389915328,w20
Nfu_g_1_004700,0.004732258330583068,0.01593655623136965,0.012909733392366085,delta20minus10
Nfu_g_1_016232,0.004696770003427328,0.014132713205891188,0.0117061905640915,delta20minus10
Nfu_g_1_018873,0.004685122920248925,0.03020302798204371,0.02030064797447447,w10
Nfu_g_1_006910,0.004652531076832983,0.051041871122086815,0.03699518564096437,w20
Nfu_g_1_017278,0.004285630807074661,0.03641017359591214,0.02721918475152836,delta20minus10
Nfu_g_1_020820,0.004126204700684801,0.03698093149473691,0.03044723997638341,delta20minus10
Nfu_g_1_020637,0.0039123498858377745,0.010666211350774111,0.00796429555612688,w20
Nfu_g_1_013732,0.003882887649253257,0.0360416219358941,0.028851211231016888,w10
Nfu_g_1_010369,0.003846992576295727,0.04507514424345454,0.03441014174000657,w20
Nfu_g_1_016062,0.003811427323134957,0.00950598825013558,0.008677838283420766,delta20minus10
Nfu_g_1_007454,0.00366431328619341,0.016623376172495798,0.012315592207236601,w20
Nfu_g_1_017075,0.003626359491455186,0.019948874447612414,0.016917155893322728,w10
Nfu_g_1_006966,0.0035050245951811867,0.03706309667026219,0.03108628867276283,w10
Nfu_g_1_024184,0.003096386768312704,0.032171065417227473,0.02394940263070448,w10
Nfu_g_1_018119,0.0029620698226834794,0.029976489349084184,0.025179154259172828,w10
Nfu_g_1_023479,0.0027970976038481474,0.027732237733640742,0.01960560624740897,delta20minus10
Nfu_g_1_008060,0.002738290779380192,0.017992231168283645,0.012937346457562131,w20
Nfu_g_1_010366,0.0026172412316306766,0.05699507727009714,0.04163850717178304,w20
Nfu_g_1_018353,0.002614722260794168,0.0106175739021521,0.007821606654402114,delta20minus10
Nfu_g_1_005329,0.0024460958253136934,0.009274563622339013,0.0076758422672096064,w10
Nfu_g_1_013880,0.002366326756727663,0.05161170722160137,0.04269316142426704,delta20minus10
Nfu_g_1_017978,0.00225702186334605,0.031025160037921135,0.02355283071478033,w10
Nfu_g_1_007509,0.0022260472768752086,0.048713095064373955,0.03808095444091794,w20
Nfu_g_1_010440,0.0017955849418088868,0.0179487016968926,0.014457274649876369,w20
Nfu_g_1_007886,0.001361039435162223,0.02575058307498787,0.02103741729807482,w20
Nfu_g_1_021181,0.0013213527607693844,0.03344237002393487,0.027893879181077406,delta20minus10
Nfu_g_1_006069,0.001060608831898729,0.02707428906072991,0.020783523295673303,w10
Nfu_g_1_012506,8.166528982132334e-4,0.03765011330095875,0.029322118593163995,delta20minus10
Nfu_g_1_011083,6.38405133021572e-4,0.013981838388881998,0.010768356715527975,delta20minus10
Nfu_g_1_004419,5.1547467380194e-4,0.05253647603677985,0.04055702662351606,delta20minus10
Nfu_g_1_016443,3.4254796564401116e-4,0.02440980966309818,0.020020948905560856,w10
